site,source_url,saved_path,error
https://autosecuritas-ct-seysses.fr,https://autosecuritas-ct-seysses.fr/favicon.ico,logos/autosecuritas-ct-seysses.fr_e5cb1e33.ico,
https://freseniusmedicalcare.ca,https://freseniusmedicalcare.ca/favicon.ico,logos/freseniusmedicalcare.ca_9fe325c5.png,
https://affidea.ba,https://affidea.ba/apple-touch-icon-precomposed.png,logos/affidea.ba_62e877e5.svg,
https://avis.cr,https://avis.cr/favicon.ico,logos/avis.cr_4aa8e1ff.png,
https://renault-tortosa.es,https://renault-tortosa.es/favicon.ico,logos/renault-tortosa.es_17aa924a.jpg,
https://ccusa.co.nz,https://ccusa.co.nz/favicon.ico,logos/ccusa.co.nz_71bfcd38.jpg,
https://julis-sh.de,https://julis-sh.de/favicon.ico,logos/julis-sh.de_1d3c5900.png,
https://oil-testing.de,https://oil-testing.de/favicon.ico,logos/oil-testing.de_40aabd6a.png,
https://trinkgutlippstadt.de,https://trinkgutlippstadt.de/favicon.ico,logos/trinkgutlippstadt.de_7f132382.png,
https://mateco.nl,https://mateco.nl/favicon.ico,logos/mateco.nl_21f9b47a.webp,
https://svntrinity.com,https://svntrinity.com/favicon.ico,logos/svntrinity.com_73d1d3ad.png,
https://svnefird.com,https://svnefird.com/favicon.ico,logos/svnefird.com_dabef68c.png,
https://kapanfastigheter.se,https://kapanfastigheter.se/favicon.ico,logos/kapanfastigheter.se_e441c138.jpg,
https://equans.hu,https://equans.hu/favicon.ico,logos/equans.hu_53e513ad.png,
https://ford.pl.ua,https://ford.pl.ua/favicon.ico,logos/ford.pl.ua_57d543b4.svg,
https://rheine.schule,https://rheine.schule/favicon.ico,logos/rheine.schule_ac929fdb.jpg,
https://avia.ch,https://avia.ch/favicon.ico,logos/avia.ch_bea719c8.png,
https://intertongn.es,https://intertongn.es/favicon.ico,logos/intertongn.es_c2141f11.png,
https://engie.pt,https://engie.pt/favicon.ico,logos/engie.pt_4ab440af.png,
https://pkf-hk.com,https://pkf-hk.com/favicon.ico,logos/pkf-hk.com_d65c6bee.ico,
https://webster.nl,https://webster.nl/favicon.ico,logos/webster.nl_e51a0c8e.png,
https://renaultsanzhispano.es,https://renaultsanzhispano.es/favicon.ico,logos/renaultsanzhispano.es_685c306c.svg,
https://tbwa.co.za,https://tbwa.co.za/favicon.ico,logos/tbwa.co.za_80a7de33.ico,
https://autosecuritas-barlin.fr,https://autosecuritas-barlin.fr/favicon.ico,logos/autosecuritas-barlin.fr_e5cb1e33.ico,
https://medef-alsace.com,https://medef-alsace.com/favicon.ico,logos/medef-alsace.com_aa2b25e8.ico,
https://subaru.nc,https://subaru.nc/favicon.ico,logos/subaru.nc_8140b3d4.webp,
https://adra.org.pe,https://adra.org.pe/favicon.ico,logos/adra.org.pe_bd8cfece.png,
https://inductotherm.co.kr,https://inductotherm.co.kr/favicon.ico,logos/inductotherm.co.kr_6712a751.png,
https://esseskincare.sg,https://esseskincare.sg/apple-touch-icon-precomposed.png,logos/esseskincare.sg_bff183c7.png,
https://amnesty.is,https://amnesty.is/favicon.ico,logos/amnesty.is_ab5e3a52.png,
https://wurthsaudi.com,https://wurthsaudi.com/favicon.ico,logos/wurthsaudi.com_95cb1725.png,
https://renaultrycauto.es,https://renaultrycauto.es/favicon.ico,logos/renaultrycauto.es_7cf034a9.svg,
https://mazdabali.co.id,https://mazdabali.co.id/favicon.ico,logos/mazdabali.co.id_ed870c9e.png,
https://renaultchiva.com,https://renaultchiva.com/favicon.ico,logos/renaultchiva.com_7cf034a9.svg,
https://ecslupsk.pl,https://ecslupsk.pl/favicon.ico,logos/ecslupsk.pl_d849bc12.png,
https://fleishmanhillard.cn,https://fleishmanhillard.cn/favicon.ico,logos/fleishmanhillard.cn_102f71d6.png,
https://urmet.com.br,https://urmet.com.br/favicon.ico,logos/urmet.com.br_b44462eb.ico,
https://taylorfarmsdeli.com,https://taylorfarmsdeli.com/favicon.ico,logos/taylorfarmsdeli.com_9317166b.ico,
https://sherwin-williams.com.ec,https://sherwin-williams.com.ec/favicon.ico,logos/sherwin-williams.com.ec_8e288723.ico,
https://kierpensions.co.uk,https://kierpensions.co.uk/favicon.ico,logos/kierpensions.co.uk_f6f9783e.png,
https://mooresingapore.com,https://mooresingapore.com/favicon.ico,logos/mooresingapore.com_64aae180.ico,
https://zktecoma.com,https://zktecoma.com/favicon.ico,logos/zktecoma.com_5e0d5176.png,
https://ccusa.hu,https://ccusa.hu/favicon.ico,logos/ccusa.hu_71bfcd38.jpg,
https://kia-moeller-wunstorf.de,https://kia-moeller-wunstorf.de/favicon.ico,logos/kia-moeller-wunstorf.de_938845ac.jpg,
https://tupperware.at,https://tupperware.at/favicon.ico,logos/tupperware.at_5e8b954b.png,
https://moore.swiss,https://moore.swiss/favicon.ico,logos/moore.swiss_f67119f9.svg,
https://wurth-international.com,https://wurth-international.com/favicon.ico,logos/wurth-international.com_c1a85895.png,
https://rotaryclubofessex.com,https://rotaryclubofessex.com/favicon.ico,logos/rotaryclubofessex.com_645e74e1.png,
https://bakertilly.lu,https://bakertilly.lu/favicon.ico,logos/bakertilly.lu_80f34176.png,
https://synlab.com.tr,https://synlab.com.tr/favicon.ico,logos/synlab.com.tr_ce40e7f3.ico,
https://zalando.cz,https://zalando.cz/favicon.ico,logos/zalando.cz_97ec1570.ico,
https://renaulttersa.com.mx,https://renaulttersa.com.mx/favicon.ico,logos/renaulttersa.com.mx_49573dbf.png,
https://ccusa.com.au,https://ccusa.com.au/favicon.ico,logos/ccusa.com.au_915ff55e.png,
https://savethechildren.mx,https://savethechildren.mx/favicon.ico,logos/savethechildren.mx_d95bf0ae.png,
https://nobleprog.mx,https://nobleprog.mx/favicon.ico,logos/nobleprog.mx_4bb2f369.ico,
https://ovb.ro,https://ovb.ro/favicon.ico,logos/ovb.ro_86d8034c.png,
https://carglass.rs,https://carglass.rs/favicon.ico,logos/carglass.rs_a246f083.jpg,
https://mazda-autohaus-kaschmieder-waren.de,https://mazda-autohaus-kaschmieder-waren.de/favicon.ico,logos/mazda-autohaus-kaschmieder-waren.de_e30ad08e.png,
https://mazda-autohaus-hellwig-hoyerswerda.de,https://mazda-autohaus-hellwig-hoyerswerda.de/favicon.ico,logos/mazda-autohaus-hellwig-hoyerswerda.de_d690d09f.svg,
https://deheus.com.vn,https://deheus.com.vn/favicon.ico,logos/deheus.com.vn_4e03f72c.png,
https://crocs.com.uy,https://crocs.com.uy/apple-touch-icon.png,logos/crocs.com.uy_96af7018.png,
https://baywa-re.es,https://baywa-re.es/favicon.ico,logos/baywa-re.es_8fcf0903.png,
https://pirtek.be,https://pirtek.be/favicon.ico,logos/pirtek.be_54bcc34c.png,
https://engie.co.uk,https://engie.co.uk/favicon.ico,logos/engie.co.uk_77b9d7dd.png,
https://mazda-autohaus-lackmann-sendenhorst.de,https://mazda-autohaus-lackmann-sendenhorst.de/favicon.ico,logos/mazda-autohaus-lackmann-sendenhorst.de_e30ad08e.png,
https://bakertilly.es,https://bakertilly.es/favicon.ico,logos/bakertilly.es_80f34176.png,
https://ebay.cn,https://ebay.cn/favicon.ico,logos/ebay.cn_ca1ee688.png,
https://berlitz-dublin.ie,https://berlitz-dublin.ie/favicon.ico,logos/berlitz-dublin.ie_87717dd1.png,
https://menschenfuermenschen.at,https://menschenfuermenschen.at/favicon.ico,logos/menschenfuermenschen.at_9c93e2c9.jpg,
https://veolia.com.ru,https://veolia.com.ru/favicon.ico,logos/veolia.com.ru_62f968b1.png,
https://allianz.nl,https://allianz.nl/favicon.ico,logos/allianz.nl_7c7dc3c2.png,
https://aamcoconyersga.com,https://aamcoconyersga.com/favicon.ico,logos/aamcoconyersga.com_6dc4950e.jpg,
https://bmw-motorrad-euromotos-lyon.fr,https://bmw-motorrad-euromotos-lyon.fr/favicon.ico,logos/bmw-motorrad-euromotos-lyon.fr_3768b263.png,
https://julis-nuernberg.de,https://julis-nuernberg.de/favicon.ico,logos/julis-nuernberg.de_bc659b36.png,
https://bauder.lt,https://bauder.lt/favicon.ico,logos/bauder.lt_9185cd3a.png,
https://seasonsrehab.in,https://seasonsrehab.in/favicon.ico,logos/seasonsrehab.in_f6aec802.png,
https://menicon.de,https://menicon.de/apple-touch-icon-precomposed.png,logos/menicon.de_c2d36db3.svg,
https://berlitz-augsburg.de,https://berlitz-augsburg.de/favicon.ico,logos/berlitz-augsburg.de_e6c253ca.webp,
https://aamcoanaheim.net,https://aamcoanaheim.net/favicon.ico,logos/aamcoanaheim.net_adfcaa9e.svg,
https://mazda-autohaus-roessel-birkenau.de,https://mazda-autohaus-roessel-birkenau.de/favicon.ico,logos/mazda-autohaus-roessel-birkenau.de_e30ad08e.png,
https://panpuri.fr,https://panpuri.fr/favicon.ico,logos/panpuri.fr_4775d641.ico,
https://affidea.pt,https://affidea.pt/favicon.ico,logos/affidea.pt_62e877e5.svg,
https://mazda-poznan-voyager.pl,https://mazda-poznan-voyager.pl/favicon.ico,logos/mazda-poznan-voyager.pl_16a051c0.png,
https://orient-food.sk,https://orient-food.sk/favicon.ico,logos/orient-food.sk_2a6c6cb1.ico,
https://savethechildren.ca,https://savethechildren.ca/favicon.ico,logos/savethechildren.ca_a9d2c462.webp,
https://ebayglobalshipping.com,https://ebayglobalshipping.com/favicon.ico,logos/ebayglobalshipping.com_fb4031a6.png,
https://mazda-autohaus-wassing-ahaus-wuellen.de,https://mazda-autohaus-wassing-ahaus-wuellen.de/favicon.ico,logos/mazda-autohaus-wassing-ahaus-wuellen.de_e30ad08e.png,
https://linde-gas.fi,https://linde-gas.fi/favicon.ico,logos/linde-gas.fi_9628f43e.png,
https://zkteco.vn,https://zkteco.vn/favicon.ico,logos/zkteco.vn_3183888d.png,
https://daikincareers.com,https://daikincareers.com/favicon.ico,logos/daikincareers.com_a663f9c6.ico,
https://daikintexastechnologypark.com,https://daikintexastechnologypark.com/apple-touch-icon.png,logos/daikintexastechnologypark.com_16989aeb.png,
https://ford.vn.ua,https://ford.vn.ua/favicon.ico,logos/ford.vn.ua_c5833c04.ico,
https://spie.lu,https://spie.lu/favicon.ico,logos/spie.lu_26846bb3.ico,
https://kumonla.com,https://kumonla.com/favicon.ico,logos/kumonla.com_0ad2b686.png,
https://rubiomonocoat.com.au,https://rubiomonocoat.com.au/apple-touch-icon.png,logos/rubiomonocoat.com.au_c9c497e6.png,
https://spitexaadorf.ch,https://spitexaadorf.ch/favicon.ico,logos/spitexaadorf.ch_c3d1208a.ico,
https://wurth.ua,https://wurth.ua/favicon.ico,logos/wurth.ua_e3b431eb.jpg,
https://ymca-cnw.org,https://ymca-cnw.org/favicon.ico,logos/ymca-cnw.org_aa3675fc.png,
https://thebodyshop.si,https://thebodyshop.si/favicon.ico,logos/thebodyshop.si_94e53856.png,
https://fmc-mexico.com,https://fmc-mexico.com/favicon.ico,logos/fmc-mexico.com_54b1b065.ico,
https://srpb2b.com,https://srpb2b.com/favicon.ico,logos/srpb2b.com_1d140c27.jpg,
https://immunospot.eu,https://immunospot.eu/favicon.ico,logos/immunospot.eu_e9ca4ce6.png,
https://orange.sn,https://orange.sn/favicon.ico,logos/orange.sn_48d19f6a.ico,
https://servier.com.ar,https://servier.com.ar/favicon.ico,logos/servier.com.ar_edc2af8e.png,
https://globalconnectgroup.com,https://globalconnectgroup.com/favicon.ico,logos/globalconnectgroup.com_f9b7e330.png,
https://mercyships.se,https://mercyships.se/favicon.ico,logos/mercyships.se_1020bc16.jpg,
https://aviapolska.pl,https://aviapolska.pl/favicon.ico,logos/aviapolska.pl_af070473.svg,
https://carglass.cz,https://carglass.cz/favicon.ico,logos/carglass.cz_b361e68d.png,
https://isic.de,https://isic.de/favicon.ico,logos/isic.de_cc5e07d9.png,
https://tupperware.co.kr,https://tupperware.co.kr/favicon.ico,logos/tupperware.co.kr_f39a05af.png,
https://solatube.se,https://solatube.se/favicon.ico,logos/solatube.se_7573ac8b.png,
https://ford.if.ua,https://ford.if.ua/favicon.ico,logos/ford.if.ua_c5833c04.ico,
https://carlsjr.com.sg,https://carlsjr.com.sg/favicon.ico,logos/carlsjr.com.sg_6c039e8f.png,
https://mcdonalds.md,https://mcdonalds.md/favicon.ico,logos/mcdonalds.md_bfdd3cb8.png,
https://kia-plt.ru,https://kia-plt.ru/apple-touch-icon.png,logos/kia-plt.ru_df6126fe.png,
https://atalian.pl,https://atalian.pl/favicon.ico,logos/atalian.pl_69a9c6ff.ico,
https://secureparking.co.id,https://secureparking.co.id/favicon.ico,logos/secureparking.co.id_3e1a3b33.png,
https://ford.dn.ua,https://ford.dn.ua/favicon.ico,logos/ford.dn.ua_1cbc97fa.ico,
https://autosecuritas-ct-notre-dame-doe.fr,https://autosecuritas-ct-notre-dame-doe.fr/favicon.ico,logos/autosecuritas-ct-notre-dame-doe.fr_e5cb1e33.ico,
https://viacon.no,https://viacon.no/favicon.ico,logos/viacon.no_8cc17fc9.png,
https://medef-corse.com,https://medef-corse.com/favicon.ico,logos/medef-corse.com_aa2b25e8.ico,
https://globalconnectcarrier.com,https://globalconnectcarrier.com/favicon.ico,logos/globalconnectcarrier.com_88fa74ae.png,
https://greatplacetowork.se,https://greatplacetowork.se/favicon.ico,logos/greatplacetowork.se_f999ccdf.png,
https://atalian.hu,https://atalian.hu/favicon.ico,logos/atalian.hu_69a9c6ff.ico,
https://pragroup.pl,https://pragroup.pl/favicon.ico,logos/pragroup.pl_ac24f882.png,
https://fleishmanhillard.ph,https://fleishmanhillard.ph/favicon.ico,logos/fleishmanhillard.ph_6084b7b6.png,
https://adecco.co.th,https://adecco.co.th/favicon.ico,logos/adecco.co.th_1ff875a6.ico,
https://pefc.fi,https://pefc.fi/favicon.ico,logos/pefc.fi_a0681504.ico,
https://toysrus.fr,https://toysrus.fr/favicon.ico,logos/toysrus.fr_b4eea607.png,
https://dysartsservicecenter.com,https://dysartsservicecenter.com/favicon.ico,logos/dysartsservicecenter.com_e4782411.ico,
https://aonsolutions.com.cy,https://aonsolutions.com.cy/favicon.ico,logos/aonsolutions.com.cy_66afedc3.png,
https://kia-crimea.ru,https://kia-crimea.ru/apple-touch-icon.png,logos/kia-crimea.ru_90787395.png,
https://adlatus-nordwestschweiz.ch,https://adlatus-nordwestschweiz.ch/favicon.ico,logos/adlatus-nordwestschweiz.ch_6e48c0f4.png,
https://hondasemarangcenter.com,https://hondasemarangcenter.com/favicon.ico,logos/hondasemarangcenter.com_4d733cad.png,
https://kia-ci.com,https://kia-ci.com/favicon.ico,logos/kia-ci.com_b73d403d.jpg,
https://caspak.co.nz,https://caspak.co.nz/favicon.ico,logos/caspak.co.nz_e59699ab.png,
https://lindesaude.pt,https://lindesaude.pt/favicon.ico,logos/lindesaude.pt_c84e16c4.png,
https://mercyships.dk,https://mercyships.dk/favicon.ico,logos/mercyships.dk_e342b197.png,
https://kuraray.us.com,https://kuraray.us.com/favicon.ico,logos/kuraray.us.com_3bbd9152.png,
https://crocssa.co.za,https://crocssa.co.za/favicon.ico,logos/crocssa.co.za_b141b9d3.png,
https://worldvision.org.sv,https://worldvision.org.sv/favicon.ico,logos/worldvision.org.sv_a1ba795d.jpg,
https://linexcoloradosprings.com,https://linexcoloradosprings.com/favicon.ico,logos/linexcoloradosprings.com_8ef450ac.ico,
https://cvjm-muensingen.de,https://cvjm-muensingen.de/favicon.ico,logos/cvjm-muensingen.de_04e4389f.jpg,
https://fattalhotelgroup.com,https://fattalhotelgroup.com/favicon.ico,logos/fattalhotelgroup.com_ae3ba461.png,
https://rotary.hr,https://rotary.hr/favicon.ico,logos/rotary.hr_4e2b6661.png,
https://pingusenglishbd.com,https://pingusenglishbd.com/favicon.ico,logos/pingusenglishbd.com_dd0f9373.png,
https://wwf.org,https://wwf.org/favicon.ico,logos/wwf.org_6366a835.ico,
https://tgmresearch.vn,https://tgmresearch.vn/favicon.ico,logos/tgmresearch.vn_c3b59c04.jpg,
https://julis-muenchen.de,https://julis-muenchen.de/favicon.ico,logos/julis-muenchen.de_e3335591.png,
https://howden.co.il,https://howden.co.il/wp-content/uploads/2021/05/cropped-Howden_Consumer_Logo_Brass_RGB2-32x32.png,logos/howden.co.il_eadfd993.webp,
https://brother-slovakia.sk,https://brother-slovakia.sk/favicon.ico,logos/brother-slovakia.sk_bd2a502a.png,
https://wuerthmarket.ru,https://wuerthmarket.ru/apple-touch-icon.png,logos/wuerthmarket.ru_6cd9a652.ico,
https://allianz-genc.de,https://allianz-genc.de/favicon.ico,logos/allianz-genc.de_21f291c8.png,
https://axa.ad,https://axa.ad/favicon.ico,logos/axa.ad_48aaac73.png,
https://savethechildren.or.id,https://savethechildren.or.id/favicon.ico,logos/savethechildren.or.id_2ca121d2.svg,
https://compassion.es,https://compassion.es/favicon.ico,logos/compassion.es_5569659d.png,
https://brother-industrial.md,https://brother-industrial.md/favicon.ico,logos/brother-industrial.md_7bb37970.png,
https://applebees.com.gt,https://applebees.com.gt/favicon.ico,logos/applebees.com.gt_ef9151d2.png,
https://decathlon-karriere.de,https://decathlon-karriere.de/favicon.ico,logos/decathlon-karriere.de_e102278a.jpg,
https://daikin.com.mm,https://daikin.com.mm/favicon.ico,logos/daikin.com.mm_2e9ee5cf.jpg,
https://kia-chita.ru,https://kia-chita.ru/apple-touch-icon-precomposed.png,logos/kia-chita.ru_2d15decc.png,
https://avis.co.mw,https://avis.co.mw/favicon.ico,logos/avis.co.mw_fb716ccd.jpg,
https://toshiba-water.com,https://toshiba-water.com/apple-touch-icon.png,logos/toshiba-water.com_1fe21eb0.png,
https://fordmediacenter.nl,https://fordmediacenter.nl/favicon.ico,logos/fordmediacenter.nl_a8c096f9.ico,
https://suttontools.co.nz,https://suttontools.co.nz/favicon.ico,logos/suttontools.co.nz_136ffcae.ico,
https://affidea.lt,https://affidea.lt/favicon.ico,logos/affidea.lt_fcf52874.ico,
https://kawasaki-seufert.de,https://kawasaki-seufert.de/apple-touch-icon.png,logos/kawasaki-seufert.de_8aa4af79.png,
https://ymcawaycross.com,https://ymcawaycross.com/favicon.ico,logos/ymcawaycross.com_b51cb734.png,
https://vivaconagua.org.za,https://vivaconagua.org.za/favicon.ico,logos/vivaconagua.org.za_003a68b9.png,
https://medef-ain.fr,https://medef-ain.fr/favicon.ico,logos/medef-ain.fr_aa2b25e8.ico,
https://sto-ukraine.com,https://sto-ukraine.com/favicon.ico,logos/sto-ukraine.com_997a9f8d.ico,
https://servier.pt,https://servier.pt/favicon.ico,logos/servier.pt_3d4ec91c.svg,
https://mtn.com.gh,https://mtn.com.gh/favicon.ico,logos/mtn.com.gh_c0c12d2f.svg,
https://islprgac.org,https://islprgac.org/favicon.ico,logos/islprgac.org_bc2d00f6.png,
https://atalian.com.tr,https://atalian.com.tr/favicon.ico,logos/atalian.com.tr_69a9c6ff.ico,
https://miniso.nc,https://miniso.nc/favicon.ico,logos/miniso.nc_a07b8eb3.ico,
https://ford.te.ua,https://ford.te.ua/favicon.ico,logos/ford.te.ua_c5833c04.ico,
https://demeter.ch,https://demeter.ch/favicon.ico,logos/demeter.ch_9078bee6.png,
https://fleishmanhillard.co.th,https://fleishmanhillard.co.th/favicon.ico,logos/fleishmanhillard.co.th_6084b7b6.png,
https://duracleanservicebybob.com,https://duracleanservicebybob.com/favicon.ico,logos/duracleanservicebybob.com_05104078.png,
https://bakertilly.lk,https://bakertilly.lk/favicon.ico,logos/bakertilly.lk_2f94c314.png,
https://toyotaconstanta.ro,https://toyotaconstanta.ro/favicon.ico,logos/toyotaconstanta.ro_3246978c.png,
https://trulynolenalagoas.com.br,https://trulynolenalagoas.com.br/favicon.ico,logos/trulynolenalagoas.com.br_bbf1e246.png,
https://pkffinconta.ro,https://pkffinconta.ro/favicon.ico,logos/pkffinconta.ro_0fde1863.png,
https://kiaonline.dk,https://kiaonline.dk/favicon.ico,logos/kiaonline.dk_02012b8f.png,
https://pirtek.ie,https://pirtek.ie/favicon.ico,logos/pirtek.ie_54bcc34c.png,
https://mazda.ua,https://mazda.ua/favicon.ico,logos/mazda.ua_48d551ee.ico,
https://kia-asc.ru,https://kia-asc.ru/apple-touch-icon-precomposed.png,logos/kia-asc.ru_c29066b5.png,
https://affidea.es,https://affidea.es/favicon.ico,logos/affidea.es_c2b56479.png,
https://buydaikin.ro,https://buydaikin.ro/favicon.ico,logos/buydaikin.ro_430980ec.jpg,
https://avis.com.ph,https://avis.com.ph/favicon.ico,logos/avis.com.ph_c4a0a33c.png,
https://job-impulse.hu,https://job-impulse.hu/favicon.ico,logos/job-impulse.hu_61eab5c9.png,
https://ardex.dk,https://ardex.dk/favicon.ico,logos/ardex.dk_19a58665.png,
https://storisell.com,https://storisell.com/favicon.ico,logos/storisell.com_25ea355a.png,
https://bakertilly-ca.com,https://bakertilly-ca.com/favicon.ico,logos/bakertilly-ca.com_927b9d7f.png,
https://hyundai.ge,https://hyundai.ge/favicon.ico,logos/hyundai.ge_e7722fc7.jpg,
https://pingusenglish.ac.th,https://pingusenglish.ac.th/favicon.ico,logos/pingusenglish.ac.th_e361d777.png,
https://toyotabucurestinord.ro,https://toyotabucurestinord.ro/favicon.ico,logos/toyotabucurestinord.ro_26e074f6.png,
https://hertz.com.ge,https://hertz.com.ge/favicon.ico,logos/hertz.com.ge_40c101fc.ico,
https://subaru.com.np,https://subaru.com.np/favicon.ico,logos/subaru.com.np_c75b1534.png,
https://subaru.com.pa,https://subaru.com.pa/favicon.ico,logos/subaru.com.pa_c75b1534.png,
https://landi.swiss,https://landi.swiss/favicon.ico,logos/landi.swiss_d283b74e.svg,
https://remax-go.com.ar,https://remax-go.com.ar/favicon.ico,logos/remax-go.com.ar_9c1947f1.png,
https://kilewswest.com,https://kilewswest.com/favicon.ico,logos/kilewswest.com_fc557ae4.ico,
https://engenmauritius.com,https://engenmauritius.com/favicon.ico,logos/engenmauritius.com_7e459c46.jpg,
https://pkfgf.co.nz,https://pkfgf.co.nz/favicon.ico,logos/pkfgf.co.nz_abc650ed.webp,
https://childrenandteendentalfl.com,https://childrenandteendentalfl.com/favicon.ico,logos/childrenandteendentalfl.com_94bd6fcc.png,
https://hansa-flex.com.cn,https://hansa-flex.com.cn/favicon.ico,logos/hansa-flex.com.cn_4d1ad44d.ico,
https://regalsprings.com.mx,https://regalsprings.com.mx/favicon.ico,logos/regalsprings.com.mx_a48f7eb9.png,
https://titancontainers.co.nz,https://titancontainers.co.nz/favicon.ico,logos/titancontainers.co.nz_0c932cf1.webp,
https://ohb-system.de,https://ohb-system.de/favicon.ico,logos/ohb-system.de_35766495.png,
https://allianz-peev.de,https://allianz-peev.de/favicon.ico,logos/allianz-peev.de_7a2940f2.jpg,
https://tbwa.co.nz,https://tbwa.co.nz/favicon.ico,logos/tbwa.co.nz_a988035e.jpg,
https://trisa.bg,https://trisa.bg/favicon.ico,logos/trisa.bg_d78e1eb9.png,
https://ophitusa.com,https://ophitusa.com/favicon.ico,logos/ophitusa.com_07518e5a.png,
https://logmaxbr.com.br,https://logmaxbr.com.br/favicon.ico,logos/logmaxbr.com.br_f4e34fa2.svg,
https://processcommunicationmodel.sk,https://processcommunicationmodel.sk/favicon.ico,logos/processcommunicationmodel.sk_e78c2cbd.png,
https://aonsolutions.com.tr,https://aonsolutions.com.tr/Content/images/logo_aon_red.png,logos/aonsolutions.com.tr_66afedc3.png,
https://renault-argenteuil.fr,https://renault-argenteuil.fr/favicon.ico,logos/renault-argenteuil.fr_f0ae38b9.png,
https://moore.es,https://moore.es/favicon.ico,logos/moore.es_49fd3f65.png,
https://sothebysrealty.ae,https://sothebysrealty.ae/favicon.ico,logos/sothebysrealty.ae_8a8fc080.ico,
https://daikinitalyshop.it,https://daikinitalyshop.it/favicon.ico,logos/daikinitalyshop.it_bf9d0652.png,
https://worldvision.al,https://worldvision.al/favicon.ico,logos/worldvision.al_0a13845a.jpg,
https://zkteco.com.eg,https://zkteco.com.eg/apple-touch-icon.png,logos/zkteco.com.eg_30c7b2be.webp,
https://miniso-au.com,https://miniso-au.com/favicon.ico,logos/miniso-au.com_010c2cb6.jpg,
https://smittysmb.ca,https://smittysmb.ca/favicon.ico,logos/smittysmb.ca_7e161612.png,
https://habitatns.ca,https://habitatns.ca/favicon.ico,logos/habitatns.ca_6a07998b.png,
https://bowlero.mx,https://bowlero.mx/favicon.ico,logos/bowlero.mx_c53a53a8.png,
https://spitex-flawil-degersheim.ch,https://spitex-flawil-degersheim.ch/favicon.ico,logos/spitex-flawil-degersheim.ch_c1f01f14.svg,
https://chicco.com.ua,https://chicco.com.ua/favicon.ico,logos/chicco.com.ua_cfb4aa22.ico,
https://allianzlifechanger.com,https://allianzlifechanger.com/favicon.ico,logos/allianzlifechanger.com_2567435a.ico,
https://esseskincare.nl,https://esseskincare.nl/favicon.ico,logos/esseskincare.nl_46000520.png,
https://intersport-arvieux.com,https://intersport-arvieux.com/favicon.ico,logos/intersport-arvieux.com_89ab8a57.png,
https://subaru.com.tr,https://subaru.com.tr/favicon.ico,logos/subaru.com.tr_a481ca74.svg,
https://wurth.com.do,https://wurth.com.do/favicon.ico,logos/wurth.com.do_9da91dfc.png,
https://overheaddoormankato.com,https://overheaddoormankato.com/favicon.ico,logos/overheaddoormankato.com_8bfec10e.png,
https://julis-mfr.de,https://julis-mfr.de/favicon.ico,logos/julis-mfr.de_28e96156.png,
https://bbraun.ru,https://bbraun.ru/apple-touch-icon.png,logos/bbraun.ru_8341b2a3.png,
https://spie.be,https://spie.be/favicon.ico,logos/spie.be_551cf2e2.png,
https://engie.sk,https://engie.sk/favicon.ico,logos/engie.sk_6be62a76.png,
https://globalconnect.dk,https://globalconnect.dk/favicon.ico,logos/globalconnect.dk_f61edf4e.png,
https://servier.cz,https://servier.cz/favicon.ico,logos/servier.cz_5cc4ed23.png,
https://duracleancarpet.com,https://duracleancarpet.com/favicon.ico,logos/duracleancarpet.com_8c1bd899.png,
https://pkflesotho.com,https://pkflesotho.com/favicon.ico,logos/pkflesotho.com_abc650ed.webp,
https://toyota-saint-victoret.com,https://toyota-saint-victoret.com/favicon.ico,logos/toyota-saint-victoret.com_f099cad5.png,
https://engiemiddleeast.com,https://engiemiddleeast.com/favicon.ico,logos/engiemiddleeast.com_d9d46a2a.png,
https://isic.fr,https://isic.fr/favicon.ico,logos/isic.fr_65addfac.ico,
https://secureparking.com.kh,https://secureparking.com.kh/favicon.ico,logos/secureparking.com.kh_613b654e.ico,
https://avis.com.do,https://avis.com.do/favicon.ico,logos/avis.com.do_40177d33.ico,
https://atalian.sk,https://atalian.sk/favicon.ico,logos/atalian.sk_b540bd3e.png,
https://renaultsprings.co.za,https://renaultsprings.co.za/favicon.ico,logos/renaultsprings.co.za_3030a727.jpg,
https://honda.com.ng,https://honda.com.ng/favicon.ico,logos/honda.com.ng_99e9542f.jpg,
https://greatplacetowork.mu,https://greatplacetowork.mu/apple-touch-icon.png,logos/greatplacetowork.mu_ec31ac77.gif,
https://duracleanrestoration.com,https://duracleanrestoration.com/favicon.ico,logos/duracleanrestoration.com_276ec392.png,
https://servier.com.br,https://servier.com.br/favicon.ico,logos/servier.com.br_848f73d0.png,
https://zkteco.co.za,https://zkteco.co.za/favicon.ico,logos/zkteco.co.za_27f7b7ea.png,
https://ccusa.ca,https://ccusa.ca/favicon.ico,logos/ccusa.ca_915ff55e.png,
https://axa.ma,https://axa.ma/favicon.ico,logos/axa.ma_4b6f0fc1.ico,
https://fleishmanhillard.com.br,https://fleishmanhillard.com.br/favicon.ico,logos/fleishmanhillard.com.br_61d37804.png,
https://indiancancersocietybangalore.org,https://indiancancersocietybangalore.org/favicon.ico,logos/indiancancersocietybangalore.org_bcb770ec.png,
https://pragroup.at,https://pragroup.at/favicon.ico,logos/pragroup.at_128714a2.png,
https://ebay.co.kr,https://ebay.co.kr/favicon.ico,logos/ebay.co.kr_c3deb101.ico,
https://kia.com.np,https://kia.com.np/favicon.ico,logos/kia.com.np_96f9b466.webp,
https://carglass.lt,https://carglass.lt/favicon.ico,logos/carglass.lt_515f576f.png,
https://mercyships.fr,https://mercyships.fr/favicon.ico,logos/mercyships.fr_2917d80c.png,
https://brother-industrial.com,https://brother-industrial.com/favicon.ico,logos/brother-industrial.com_7bb37970.png,
https://pirtek.se,https://pirtek.se/favicon.ico,logos/pirtek.se_e3bbe149.jpg,
https://servier.co.za,https://servier.co.za/favicon.ico,logos/servier.co.za_848f73d0.png,
https://dairyqueenobx.com,https://dairyqueenobx.com/favicon.ico,logos/dairyqueenobx.com_a694e114.ico,
https://eurotradus.eu,https://eurotradus.eu/favicon.ico,logos/eurotradus.eu_eb0e8837.ico,
https://pkf.com.tr,https://pkf.com.tr/favicon.ico,logos/pkf.com.tr_0299efa9.png,
https://renault.com.my,https://renault.com.my/favicon.ico,logos/renault.com.my_6892e4f7.png,
https://arkaybeverages.com,https://arkaybeverages.com/favicon.ico,logos/arkaybeverages.com_f83f9941.jpg,
https://pkfmalta.com,https://pkfmalta.com/favicon.ico,logos/pkfmalta.com_d65c6bee.ico,
https://svnvanguardla.com,https://svnvanguardla.com/favicon.ico,logos/svnvanguardla.com_77c7de04.png,
https://pkf.jo,https://pkf.jo/favicon.ico,logos/pkf.jo_a2deff2c.png,
https://titancontainers.dk,https://titancontainers.dk/favicon.ico,logos/titancontainers.dk_0c932cf1.webp,
https://daikin.com.mx,https://daikin.com.mx/favicon.ico,logos/daikin.com.mx_2019662c.ico,
https://pkf.dk,https://pkf.dk/favicon.ico,logos/pkf.dk_d65c6bee.ico,
https://gs1hu.org,https://gs1hu.org/favicon.ico,logos/gs1hu.org_88b0a27e.ico,
https://altenusa.com,https://altenusa.com/favicon.ico,logos/altenusa.com_505f29d1.png,
https://kumon.com.hk,https://kumon.com.hk/favicon.ico,logos/kumon.com.hk_7d0206c5.png,
https://globalconnect.de,https://globalconnect.de/favicon.ico,logos/globalconnect.de_f9b7e330.png,
https://renaultselection.co.za,https://renaultselection.co.za/favicon.ico,logos/renaultselection.co.za_7f4f2d68.png,
https://pkfcr.co.nz,https://pkfcr.co.nz/favicon.ico,logos/pkfcr.co.nz_433e5044.svg,
https://foxinabox.mx,https://foxinabox.mx/favicon.ico,logos/foxinabox.mx_53b4fbc3.ico,
https://renault-beaulieu.fr,https://renault-beaulieu.fr/favicon.ico,logos/renault-beaulieu.fr_793d3498.png,
https://mazdalanka.lk,https://mazdalanka.lk/favicon.ico,logos/mazdalanka.lk_b37840f8.png,
https://avon.com.sa,https://avon.com.sa/favicon.ico,logos/avon.com.sa_69c1a5ad.webp,
https://shopee.co.th,https://shopee.co.th/favicon.ico,logos/shopee.co.th_57bd0196.ico,
https://servier.si,https://servier.si/favicon.ico,logos/servier.si_edc2af8e.png,
https://skoda-clermontferrand.fr,https://skoda-clermontferrand.fr/favicon.ico,logos/skoda-clermontferrand.fr_34b8fdc7.ico,
https://cfmoto.com.br,https://cfmoto.com.br/favicon.ico,logos/cfmoto.com.br_3ff558e3.png,
https://fleishmanhillard.mx,https://fleishmanhillard.mx/favicon.ico,logos/fleishmanhillard.mx_75b51599.png,
https://julis-stuttgart.de,https://julis-stuttgart.de/favicon.ico,logos/julis-stuttgart.de_e3335591.png,
https://takab.nu,https://takab.nu/favicon.ico,logos/takab.nu_6437b155.png,
https://asieris.com,https://asieris.com/favicon.ico,logos/asieris.com_958c0d12.jpg,
https://kia.com.cy,https://kia.com.cy/favicon.ico,logos/kia.com.cy_709b3f32.jpg,
https://veka.com.sg,https://veka.com.sg/favicon.ico,logos/veka.com.sg_c0a048ab.jpg,
https://affidea.gr,https://affidea.gr/favicon.ico,logos/affidea.gr_c2b56479.png,
https://spg-motoren.de,https://spg-motoren.de/favicon.ico,logos/spg-motoren.de_5c6c9f47.png,
https://niproaustralia.com.au,https://niproaustralia.com.au/favicon.ico,logos/niproaustralia.com.au_24a5914a.png,
https://cvjm-nuembrecht.de,https://cvjm-nuembrecht.de/favicon.ico,logos/cvjm-nuembrecht.de_03a9a6aa.png,
https://toyotasud.ro,https://toyotasud.ro/favicon.ico,logos/toyotasud.ro_7792777e.png,
https://habitat.hu,https://habitat.hu/favicon.ico,logos/habitat.hu_87693593.svg,
https://toyotaalbay.com.ph,https://toyotaalbay.com.ph/favicon.ico,logos/toyotaalbay.com.ph_690ec584.png,
https://toyotaalbania.al,https://toyotaalbania.al/favicon.ico,logos/toyotaalbania.al_03786587.png,
https://renault-fama.be,https://renault-fama.be/favicon.ico,logos/renault-fama.be_b9b620ed.png,
https://tapflo.it,https://tapflo.it/favicon.ico,logos/tapflo.it_18e4ffb6.png,
https://aiesecaustralia.org,https://aiesecaustralia.org/favicon.ico,logos/aiesecaustralia.org_08bed9bc.png,
https://pefc.be,https://pefc.be/favicon.ico,logos/pefc.be_a0681504.ico,
https://servier.es,https://servier.es/favicon.ico,logos/servier.es_848f73d0.png,
https://pkfcaribbean.com,https://pkfcaribbean.com/favicon.ico,logos/pkfcaribbean.com_d65c6bee.ico,
https://unglobalcompact.ca,https://unglobalcompact.ca/favicon.ico,logos/unglobalcompact.ca_68ad65b3.png,
https://toyota-marseille.com,https://toyota-marseille.com/favicon.ico,logos/toyota-marseille.com_82c49ec6.ico,
https://greatplacetowork.com.vn,https://greatplacetowork.com.vn/favicon.ico,logos/greatplacetowork.com.vn_8d292c0d.png,
https://nikonlenswear.cn,https://nikonlenswear.cn/favicon.ico,logos/nikonlenswear.cn_7713b111.png,
https://titancontainers.us,https://titancontainers.us/favicon.ico,logos/titancontainers.us_0c932cf1.webp,
https://jscosccha.com,https://jscosccha.com/favicon.ico,logos/jscosccha.com_1f58d796.png,
https://bakertilly.ba,https://bakertilly.ba/favicon.ico,logos/bakertilly.ba_82bedb94.png,
https://pefc.es,https://pefc.es/apple-touch-icon.png,logos/pefc.es_a0681504.ico,
https://fleishmanhillard.ie,https://fleishmanhillard.ie/favicon.ico,logos/fleishmanhillard.ie_6084b7b6.png,
https://bauwerk-group.hr,https://bauwerk-group.hr/favicon.ico,logos/bauwerk-group.hr_1ba58b0e.png,
https://sourceadvisors.co.uk,https://sourceadvisors.co.uk/favicon.ico,logos/sourceadvisors.co.uk_8259fdc8.jpg,
https://enterprise.si,https://enterprise.si/favicon.ico,logos/enterprise.si_dc4d334c.png,
https://isic.it,https://isic.it/favicon.ico,logos/isic.it_65addfac.ico,
https://shopee.com.my,https://shopee.com.my/favicon.ico,logos/shopee.com.my_d7d9bf39.png,
https://inductotherm.ca,https://inductotherm.ca/favicon.ico,logos/inductotherm.ca_31b5cae9.svg,
https://seqens.fi,https://seqens.fi/favicon.ico,logos/seqens.fi_5da70f04.ico,
https://engieindia.com,https://engieindia.com/favicon.ico,logos/engieindia.com_e3946991.png,
https://hertz.am,https://hertz.am/favicon.ico,logos/hertz.am_40c101fc.ico,
https://budgetinternational.com,https://budgetinternational.com/favicon.ico,logos/budgetinternational.com_da931e05.jpg,
https://bakertilly.pk,https://bakertilly.pk/favicon.ico,logos/bakertilly.pk_7f4f2d68.png,
https://toolstationjobs.be,https://toolstationjobs.be/favicon.ico,logos/toolstationjobs.be_2b105c77.png,
https://bakertilly.uy,https://bakertilly.uy/favicon.ico,logos/bakertilly.uy_484251b2.png,
https://servier.vn,https://servier.vn/favicon.ico,logos/servier.vn_3d4ec91c.svg,
https://nutricia.pt,https://nutricia.pt/favicon.ico,logos/nutricia.pt_d5667d01.png,
https://aiesec.cl,https://aiesec.cl/favicon.ico,logos/aiesec.cl_1662f23f.ico,
https://cdvielectronics.com,https://cdvielectronics.com/favicon.ico,logos/cdvielectronics.com_d566b02e.png,
https://ikea.is,https://ikea.is/favicon.ico,logos/ikea.is_a1dba2c3.ico,
https://inductothermhw.com,https://inductothermhw.com/favicon.ico,logos/inductothermhw.com_a05f8b5a.png,
https://carlsjr-russia.ru,https://carlsjr-russia.ru/favicon.ico,logos/carlsjr-russia.ru_7717fea6.ico,
https://affresco-decor.com,https://affresco-decor.com/favicon.ico,logos/affresco-decor.com_4db7ba6a.ico,
https://honda-autoland.com,https://honda-autoland.com/favicon.ico,logos/honda-autoland.com_127b38a0.ico,
https://kamic.fi,https://kamic.fi/favicon.ico,logos/kamic.fi_2feb16e6.png,
https://pkfuae.com,https://pkfuae.com/favicon.ico,logos/pkfuae.com_33eb17db.png,
https://synergie.pt,https://synergie.pt/favicon.ico,logos/synergie.pt_e6d3d93e.ico,
https://tracybookshop.com,https://tracybookshop.com/favicon.ico,logos/tracybookshop.com_541bb2bf.png,
https://edenred.com.ar,https://edenred.com.ar/apple-touch-icon.png,logos/edenred.com.ar_3a535dc4.png,
https://remaxcrystal.com,https://remaxcrystal.com/favicon.ico,logos/remaxcrystal.com_f79f92ca.png,
https://aonsolutions.gr,https://aonsolutions.gr/favicon.ico,logos/aonsolutions.gr_6c61f45b.ico,
https://worldoptionsgh.com.au,https://worldoptionsgh.com.au/favicon.ico,logos/worldoptionsgh.com.au_e18dfa3d.png,
https://tryg.com,https://tryg.com/favicon.ico,logos/tryg.com_67b0ba13.png,
https://tupperware.fr,https://tupperware.fr/favicon.ico,logos/tupperware.fr_5e8b954b.png,
https://hendersonkyedc.com,https://hendersonkyedc.com/favicon.ico,logos/hendersonkyedc.com_05466e98.png,
https://mitsubishielectric-printing.com,https://mitsubishielectric-printing.com/apple-touch-icon.png,logos/mitsubishielectric-printing.com_0896bd10.png,
https://venturelightingme.com,https://venturelightingme.com/favicon.ico,logos/venturelightingme.com_35754148.png,
https://paybase.netlify.app,https://paybase.netlify.app/favicon.ico,logos/paybase.netlify.app_39b1b43d.svg,
https://adra.fr,https://adra.fr/favicon.ico,logos/adra.fr_5db1f716.png,
https://mercyships.ch,https://mercyships.ch/favicon.ico,logos/mercyships.ch_a04c64dc.png,
https://intersport.dk,https://intersport.dk/favicon.ico,logos/intersport.dk_ffd39bcd.jpg,
https://tupperwarefiesta.com,https://tupperwarefiesta.com/favicon.ico,logos/tupperwarefiesta.com_bf1ac3d0.jpg,
https://furuno.fr,https://furuno.fr/favicon.ico,logos/furuno.fr_b3e1474a.gif,
https://innolytics.net,https://innolytics.net/favicon.ico,logos/innolytics.net_935d302c.png,
https://pirtek.eu,https://pirtek.eu/apple-touch-icon-precomposed.png,logos/pirtek.eu_c5d06b95.jpg,
https://adra.org.pt,https://adra.org.pt/favicon.ico,logos/adra.org.pt_fcb2d555.png,
https://mondialparebrise.re,https://mondialparebrise.re/favicon.ico,logos/mondialparebrise.re_ca536c37.webp,
https://engie-ecserwis.pl,https://engie-ecserwis.pl/apple-touch-icon-precomposed.png,logos/engie-ecserwis.pl_fb2dfe01.svg,
https://gs1mt.org,https://gs1mt.org/favicon.ico,logos/gs1mt.org_35aa13e1.png,
https://carlsjr.es,https://carlsjr.es/favicon.ico,logos/carlsjr.es_da91dce3.png,
https://sekulin-allianz.de,https://sekulin-allianz.de/favicon.ico,logos/sekulin-allianz.de_cba67ced.jpg,
https://cdviplastics.com,https://cdviplastics.com/favicon.ico,logos/cdviplastics.com_d566b02e.png,
https://adra.org.rs,https://adra.org.rs/favicon.ico,logos/adra.org.rs_21922b3c.png,
https://flesan.com.pe,https://flesan.com.pe/favicon.ico,logos/flesan.com.pe_f5ae3028.jpg,
https://edenred.hu,https://edenred.hu/favicon.ico,logos/edenred.hu_36b6e72e.png,
https://enterprise.com.ar,https://enterprise.com.ar/apple-touch-icon.png,logos/enterprise.com.ar_865a0d1b.png,
https://giacomini.cz,https://giacomini.cz/favicon.ico,logos/giacomini.cz_2099dd8c.ico,
https://atalian.be,https://atalian.be/favicon.ico,logos/atalian.be_96ae6108.png,
https://richs.co.uk,https://richs.co.uk/favicon.ico,logos/richs.co.uk_67ba30bd.png,
https://honda-nig.com,https://honda-nig.com/favicon.ico,logos/honda-nig.com_e0db4d1e.jpg,
https://howdenoze.pl,https://howdenoze.pl/favicon.ico,logos/howdenoze.pl_e27e9162.png,
https://engie-energia.pe,https://engie-energia.pe/favicon.ico,logos/engie-energia.pe_e40ec65c.png,
https://algeco.com,https://algeco.com/favicon.ico,logos/algeco.com_5596287e.svg,
https://venaenergy.co.jp,https://venaenergy.co.jp/favicon.ico,logos/venaenergy.co.jp_62d5a37e.png,
https://bestdrive.pl,https://bestdrive.pl/favicon.ico,logos/bestdrive.pl_c7c0fbf3.ico,
https://orange.ci,,,no_logo_found
https://rsmcanada.com,https://rsmcanada.com/favicon.ico,logos/rsmcanada.com_33e54b08.svg,
https://gulf-japan.com,https://gulf-japan.com/favicon.ico,logos/gulf-japan.com_d9bf3c02.png,
https://salvationarmyeet.org,https://salvationarmyeet.org/favicon.ico,logos/salvationarmyeet.org_480227ca.png,
https://hyundai.sn,https://hyundai.sn/favicon.ico,logos/hyundai.sn_10172dfc.ico,
https://getscsadmin.com,https://getscsadmin.com/favicon.ico,logos/getscsadmin.com_5a0c34b9.png,
https://gulfsverige.com,https://gulfsverige.com/favicon.ico,logos/gulfsverige.com_f354cc2c.png,
https://pilotpen.eu,https://pilotpen.eu/favicon.ico,logos/pilotpen.eu_3a2d3383.png,
https://jollibee.com.bn,https://jollibee.com.bn/favicon.ico,logos/jollibee.com.bn_4e6f72db.png,
https://trulynolennatal.com.br,https://trulynolennatal.com.br/apple-touch-icon.png,logos/trulynolennatal.com.br_25106491.png,
https://aamcooverlandpark.com,https://aamcooverlandpark.com/favicon.ico,logos/aamcooverlandpark.com_2b5b087e.ico,
https://pilotpen.com.au,https://pilotpen.com.au/favicon.ico,logos/pilotpen.com.au_8c0d2af2.png,
https://avia-unimot.com.ua,https://avia-unimot.com.ua/favicon.ico,logos/avia-unimot.com.ua_628113bf.ico,
https://remax-lueneburg.de,https://remax-lueneburg.de/favicon.ico,logos/remax-lueneburg.de_443aa6eb.png,
https://heliosstrategia.pl,https://heliosstrategia.pl/favicon.ico,logos/heliosstrategia.pl_62a27764.svg,
https://benefitsystems.hr,https://benefitsystems.hr/favicon.ico,logos/benefitsystems.hr_59da6f31.ico,
https://renaultbank.es,https://renaultbank.es/favicon.ico,logos/renaultbank.es_e453a153.svg,
https://inductothermgroup.jp,https://inductothermgroup.jp/favicon.ico,logos/inductothermgroup.jp_6712a751.png,
https://atalian.rs,https://atalian.rs/favicon.ico,logos/atalian.rs_b540bd3e.png,
https://culligandesmoines.com,https://culligandesmoines.com/favicon.ico,logos/culligandesmoines.com_21b3d9be.png,
https://grupointexa.co,https://grupointexa.co/favicon.ico,logos/grupointexa.co_cc2c5b26.png,
https://skoda-metz.fr,https://skoda-metz.fr/favicon.ico,logos/skoda-metz.fr_34b8fdc7.ico,
https://job-impulse.co.jp,https://job-impulse.co.jp/favicon.ico,logos/job-impulse.co.jp_217dc924.jpg,
https://implantcenter-dentistry.co.uk,https://implantcenter-dentistry.co.uk/favicon.ico,logos/implantcenter-dentistry.co.uk_8f6e9daa.png,
https://genan.com,https://genan.com/favicon.ico,logos/genan.com_fb9c2b46.png,
https://hertzhn.com,https://hertzhn.com/favicon.ico,logos/hertzhn.com_8bf2fab8.webp,
https://trulynolenparaiba.com.br,https://trulynolenparaiba.com.br/favicon.ico,logos/trulynolenparaiba.com.br_bbf1e246.png,
https://overheaddoorriverton.com,https://overheaddoorriverton.com/favicon.ico,logos/overheaddoorriverton.com_b904fc0a.png,
https://pragroup.de,https://pragroup.de/favicon.ico,logos/pragroup.de_a89eb1cc.png,
https://shopee.com.co,https://shopee.com.co/favicon.ico,logos/shopee.com.co_d7d9bf39.png,
https://greatplacetowork.com.sg,https://greatplacetowork.com.sg/favicon.ico,logos/greatplacetowork.com.sg_bc8001c3.png,
https://dolcevita.ca,https://dolcevita.ca/favicon.ico,logos/dolcevita.ca_05eeff01.png,
https://overheaddoorcompanyjackson.com,https://overheaddoorcompanyjackson.com/favicon.ico,logos/overheaddoorcompanyjackson.com_99213744.png,
https://johcm-ukconference.com,https://johcm-ukconference.com/favicon.ico,logos/johcm-ukconference.com_c5e019a5.jpg,
https://pkfboston.com,https://pkfboston.com/favicon.ico,logos/pkfboston.com_abc650ed.webp,
https://carglass.ee,https://carglass.ee/favicon.ico,logos/carglass.ee_d3356eec.png,
https://culliganbetterwater.com,https://culliganbetterwater.com/favicon.ico,logos/culliganbetterwater.com_b168f68d.png,
https://cinnabonrussia.com,https://cinnabonrussia.com/favicon.ico,logos/cinnabonrussia.com_ec376aac.png,
https://adeccojapanese.asia,https://adeccojapanese.asia/favicon.ico,logos/adeccojapanese.asia_1ff875a6.ico,
https://polarysgroup.eu,https://polarysgroup.eu/favicon.ico,logos/polarysgroup.eu_99d1c0c6.png,
https://protectourwinters.de,https://protectourwinters.de/favicon.ico,logos/protectourwinters.de_dddb3bf5.png,
https://camesoluciones.com,https://camesoluciones.com/favicon.ico,logos/camesoluciones.com_0f1c2843.jpg,
https://edenred.fi,https://edenred.fi/favicon.ico,logos/edenred.fi_b9148d3f.png,
https://carlsjr.com.tr,https://carlsjr.com.tr/apple-touch-icon.png,logos/carlsjr.com.tr_1c0c8567.ico,
https://subaru.mt,https://subaru.mt/favicon.ico,logos/subaru.mt_4c5c5f51.ico,
https://bonprix.jobs,https://bonprix.jobs/favicon.ico,logos/bonprix.jobs_f4536ec3.svg,
https://aiesecargentina.org,https://aiesecargentina.org/favicon.ico,logos/aiesecargentina.org_77ebaf70.png,
https://mazda.com.tw,https://mazda.com.tw/favicon.ico,logos/mazda.com.tw_b7b44c21.ico,
https://hydroscand.co.ua,https://hydroscand.co.ua/favicon.ico,logos/hydroscand.co.ua_04f6e227.svg,
https://servier.nl,https://servier.nl/favicon.ico,logos/servier.nl_f6c9f39b.svg,
https://miniso-home.ro,https://miniso-home.ro/favicon.ico,logos/miniso-home.ro_3d2f69c2.png,
https://overheaddoorfayetteville.com,https://overheaddoorfayetteville.com/favicon.ico,logos/overheaddoorfayetteville.com_984dacc8.png,
https://pkf.swiss,https://pkf.swiss/favicon.ico,logos/pkf.swiss_4465a77c.webp,
https://bakertillysek.se,https://bakertillysek.se/favicon.ico,logos/bakertillysek.se_b327461d.png,
https://servier.ru,https://servier.ru/apple-touch-icon.png,logos/servier.ru_1400e4c8.png,
https://mazda-bcrmotors.ru,https://mazda-bcrmotors.ru/favicon.ico,logos/mazda-bcrmotors.ru_b6179a3f.png,
https://budgetoman.com,https://budgetoman.com/favicon.ico,logos/budgetoman.com_16d9ee9c.ico,
https://servier.ge,https://servier.ge/favicon.ico,logos/servier.ge_9b7f19a7.png,
https://kia-guadeloupe.com,https://kia-guadeloupe.com/favicon.ico,logos/kia-guadeloupe.com_a3395c89.png,
https://isuzu.net.my,https://isuzu.net.my/apple-touch-icon.png,logos/isuzu.net.my_e3bf8c7e.png,
https://aamcobakersfield-whiteln.com,https://aamcobakersfield-whiteln.com/favicon.ico,logos/aamcobakersfield-whiteln.com_15a1cb24.png,
https://shelterstation.com.au,https://shelterstation.com.au/favicon.ico,logos/shelterstation.com.au_271977a1.png,
https://ymcaokc.org,https://ymcaokc.org/favicon.ico,logos/ymcaokc.org_7dfa7974.png,
https://meggle.de,https://meggle.de/favicon.ico,logos/meggle.de_b3b5acb3.png,
https://svncredit.ro,https://svncredit.ro/favicon.ico,logos/svncredit.ro_a1e087e6.svg,
https://rexel.it,https://rexel.it/favicon.ico,logos/rexel.it_349e8c36.ico,
https://pixibeauty.co.uk,https://pixibeauty.co.uk/favicon.ico,logos/pixibeauty.co.uk_b445ae43.png,
https://ford.lviv.ua,https://ford.lviv.ua/favicon.ico,logos/ford.lviv.ua_54c41b12.png,
https://esseskincare.se,https://esseskincare.se/favicon.ico,logos/esseskincare.se_0a54baa6.png,
https://pefc.dk,https://pefc.dk/favicon.ico,logos/pefc.dk_a0681504.ico,
https://hyrox.es,https://hyrox.es/favicon.ico,logos/hyrox.es_5b55ab72.png,
https://zkteco.com.pk,https://zkteco.com.pk/favicon.ico,logos/zkteco.com.pk_6ead97ef.png,
https://habitatvietnam.org,https://habitatvietnam.org/favicon.ico,logos/habitatvietnam.org_4baf2097.ico,
https://servier.pl,https://servier.pl/favicon.ico,logos/servier.pl_3d4ec91c.svg,
https://culliganuppercumberland.com,https://culliganuppercumberland.com/favicon.ico,logos/culliganuppercumberland.com_bb5deb82.jpg,
https://atalian.cz,https://atalian.cz/favicon.ico,logos/atalian.cz_b540bd3e.png,
https://subwayburbank.com,https://subwayburbank.com/favicon.ico,logos/subwayburbank.com_89fadbcd.png,
https://pkf-dominicana.com,https://pkf-dominicana.com/favicon.ico,logos/pkf-dominicana.com_d65c6bee.ico,
https://bakertilly.com.ve,https://bakertilly.com.ve/apple-touch-icon-precomposed.png,logos/bakertilly.com.ve_5940f37b.svg,
https://pkfve.com,https://pkfve.com/favicon.ico,logos/pkfve.com_d65c6bee.ico,
https://rotary6450.org,https://rotary6450.org/favicon.ico,logos/rotary6450.org_ab1304c4.png,
https://siebtechnik-tema.co.uk,https://siebtechnik-tema.co.uk/favicon.ico,logos/siebtechnik-tema.co.uk_fae22943.png,
https://bauermedia.no,https://bauermedia.no/favicon.ico,logos/bauermedia.no_a1464718.png,
https://servier.bg,https://servier.bg/favicon.ico,logos/servier.bg_87852277.png,
https://isic.bg,https://isic.bg/favicon.ico,logos/isic.bg_072d5491.ico,
https://ccusa.cz,https://ccusa.cz/favicon.ico,logos/ccusa.cz_915ff55e.png,
https://wingarc.com.au,https://wingarc.com.au/favicon.ico,logos/wingarc.com.au_2577f9ac.png,
https://bcurelaser.co.il,https://bcurelaser.co.il/favicon.ico,logos/bcurelaser.co.il_9cd2dfd9.png,
https://pingusenglish.com,https://pingusenglish.com/favicon.ico,logos/pingusenglish.com_b06b3000.webp,
https://toyota.com.mt,https://toyota.com.mt/favicon.ico,logos/toyota.com.mt_9ff12a25.ico,
https://kantar.com.tw,https://kantar.com.tw/favicon.ico,logos/kantar.com.tw_1a2f1d79.jpg,
https://allianz-sebastiankoch.de,https://allianz-sebastiankoch.de/favicon.ico,logos/allianz-sebastiankoch.de_6f9bf000.png,
https://vitalsauna.eu,https://vitalsauna.eu/favicon.ico,logos/vitalsauna.eu_b6bb0fb8.png,
https://pragroup.fi,https://pragroup.fi/favicon.ico,logos/pragroup.fi_0693b373.png,
https://cfmotobenelux.eu,https://cfmotobenelux.eu/favicon.ico,logos/cfmotobenelux.eu_67e41f45.png,
https://wwf.ro,https://wwf.ro/favicon.ico,logos/wwf.ro_e543a3b3.png,
https://edenred.pl,https://edenred.pl/favicon.ico,logos/edenred.pl_d9f532d1.png,
https://esseskincare.fi,https://esseskincare.fi/apple-touch-icon-precomposed.png,logos/esseskincare.fi_adf501f9.png,
https://cdljatai.com.br,https://cdljatai.com.br/favicon.ico,logos/cdljatai.com.br_0e7aad36.png,
https://landish.ca,https://landish.ca/favicon.ico,logos/landish.ca_d5fd4b93.jpg,
https://trulynolencampogrande.com.br,https://trulynolencampogrande.com.br/favicon.ico,logos/trulynolencampogrande.com.br_25106491.png,
https://esseskincare.dk,https://esseskincare.dk/favicon.ico,logos/esseskincare.dk_7922378a.png,
https://tapflo.hu,https://tapflo.hu/favicon.ico,logos/tapflo.hu_3ac236eb.png,
https://cfmoto-larissa.gr,https://cfmoto-larissa.gr/favicon.ico,logos/cfmoto-larissa.gr_9c5d8a78.png,
https://toyotasanpablo.com.ph,https://toyotasanpablo.com.ph/favicon.ico,logos/toyotasanpablo.com.ph_c8f707ed.png,
https://eftech-international.com,https://eftech-international.com/favicon.ico,logos/eftech-international.com_e0f11bac.png,
https://remax.fi,https://remax.fi/favicon.ico,logos/remax.fi_11ccc805.ico,
https://keytitlegroupsa.com,https://keytitlegroupsa.com/favicon.ico,logos/keytitlegroupsa.com_876357c3.png,
https://wurth.kz,https://wurth.kz/favicon.ico,logos/wurth.kz_0e2c7e31.ico,
https://orbico.com.mk,https://orbico.com.mk/favicon.ico,logos/orbico.com.mk_78f76d31.svg,
https://selgen.eu,https://selgen.eu/favicon.ico,logos/selgen.eu_67f96964.png,
https://asendiausa.com,https://asendiausa.com/favicon.ico,logos/asendiausa.com_bdca1c34.png,
https://wwf.at,https://wwf.at/favicon.ico,logos/wwf.at_2bbf983f.jpg,
https://toyotayatubodrum.com.tr,https://toyotayatubodrum.com.tr/favicon.ico,logos/toyotayatubodrum.com.tr_c0092a27.png,
https://bauder.ag,https://bauder.ag/favicon.ico,logos/bauder.ag_a788b02d.jpg,
https://mitsubishi-motors.pt,https://mitsubishi-motors.pt/favicon.ico,logos/mitsubishi-motors.pt_e5069e90.svg,
https://bimeda.ie,https://bimeda.ie/favicon.ico,logos/bimeda.ie_0d6a7e10.jpg,
https://mazda-wroclaw-jaremko.pl,https://mazda-wroclaw-jaremko.pl/apple-touch-icon.png,logos/mazda-wroclaw-jaremko.pl_5a4ab56c.png,
https://culliganreno.com,https://culliganreno.com/favicon.ico,logos/culliganreno.com_77dee385.png,
https://mazda-wroclaw-wrobel.pl,https://mazda-wroclaw-wrobel.pl/apple-touch-icon.png,logos/mazda-wroclaw-wrobel.pl_ced44dd0.png,
https://spp.cz,https://spp.cz/favicon.ico,logos/spp.cz_1bc1cac3.ico,
https://wuerth-gruppe.ch,https://wuerth-gruppe.ch/apple-touch-icon.png,logos/wuerth-gruppe.ch_c1a85895.png,
https://mateco.ro,https://mateco.ro/favicon.ico,logos/mateco.ro_e684a483.svg,
https://habitativ.org,https://habitativ.org/favicon.ico,logos/habitativ.org_3fb5c31d.jpg,
https://murrelektronik.com.tr,https://murrelektronik.com.tr/favicon.ico,logos/murrelektronik.com.tr_899a0e99.png,
https://veolia.be,https://veolia.be/favicon.ico,logos/veolia.be_62f968b1.png,
https://aamcospringfieldoh.com,https://aamcospringfieldoh.com/favicon.ico,logos/aamcospringfieldoh.com_6dc4950e.jpg,
https://fmlogistic.it,https://fmlogistic.it/favicon.ico,logos/fmlogistic.it_15c94226.png,
https://greatplacetowork.co.il,https://greatplacetowork.co.il/apple-touch-icon.png,logos/greatplacetowork.co.il_09e40eac.svg,
https://einhell.co.uk,https://einhell.co.uk/favicon.ico,logos/einhell.co.uk_1ddcb838.jpg,
https://mazda.nl,https://mazda.nl/favicon.ico,logos/mazda.nl_5f8a074a.svg,
https://veolia.jp,https://veolia.jp/favicon.ico,logos/veolia.jp_01bd1ace.ico,
https://einhell.com.tr,https://einhell.com.tr/favicon.ico,logos/einhell.com.tr_321b7b03.jpg,
https://culliganwaterstillwater.com,https://culliganwaterstillwater.com/favicon.ico,logos/culliganwaterstillwater.com_52691706.ico,
https://reedglobal.com.mt,https://reedglobal.com.mt/apple-touch-icon.png,logos/reedglobal.com.mt_3f7213ab.png,
https://aamcooklahomacity-yukon.com,https://aamcooklahomacity-yukon.com/favicon.ico,logos/aamcooklahomacity-yukon.com_6dc4950e.jpg,
https://daikin.az,https://daikin.az/favicon.ico,logos/daikin.az_896c3351.jpg,
https://culliganofmerrillville.com,https://culliganofmerrillville.com/favicon.ico,logos/culliganofmerrillville.com_b7a9010d.png,
https://allianz-rose.info,https://allianz-rose.info/favicon.ico,logos/allianz-rose.info_715dbbfb.jpg,
https://mersen.com.br,https://mersen.com.br/favicon.ico,logos/mersen.com.br_f72b6e22.jpg,
https://bbraun.com.br,https://bbraun.com.br/favicon.ico,logos/bbraun.com.br_b791cb34.jpg,
https://vkf-renzel.com.tr,https://vkf-renzel.com.tr/favicon.ico,logos/vkf-renzel.com.tr_a6e6897b.png,
https://compo.de,https://compo.de/favicon.ico,logos/compo.de_ca70e268.png,
https://kia-suedmobile-radolfzell.de,https://kia-suedmobile-radolfzell.de/favicon.ico,logos/kia-suedmobile-radolfzell.de_938845ac.jpg,
https://axabreakdown.co.uk,https://axabreakdown.co.uk/favicon.ico,logos/axabreakdown.co.uk_498c20fa.ico,
https://subaru.jp,https://subaru.jp/favicon.ico,logos/subaru.jp_b8b2d66b.webp,
https://meggle-bakery.com,https://meggle-bakery.com/favicon.ico,logos/meggle-bakery.com_5dbb5769.png,
https://peugeot.sk,https://peugeot.sk/favicon.ico,logos/peugeot.sk_430cdeae.ico,
https://meggle.co.jp,https://meggle.co.jp/favicon.ico,logos/meggle.co.jp_400fc754.png,
https://brother.com.pe,https://brother.com.pe/favicon.ico,logos/brother.com.pe_a5af9695.jpg,
https://mazda-autohaus-becker-homburg-bruchhof.de,https://mazda-autohaus-becker-homburg-bruchhof.de/favicon.ico,logos/mazda-autohaus-becker-homburg-bruchhof.de_e30ad08e.png,
https://kia-gorny-eislingen.de,https://kia-gorny-eislingen.de/favicon.ico,logos/kia-gorny-eislingen.de_3adb77e9.svg,
https://catsprotectionshop.co.uk,https://catsprotectionshop.co.uk/favicon.ico,logos/catsprotectionshop.co.uk_157079b2.png,
https://mapfre.pr,https://mapfre.pr/favicon.ico,logos/mapfre.pr_7ed96cab.webp,
https://actemium.ch,https://actemium.ch/favicon.ico,logos/actemium.ch_9724a650.png,
https://isover.hu,https://isover.hu/favicon.ico,logos/isover.hu_21a3863c.webp,
https://mazda-autohaus-sturne-rochlitz.de,https://mazda-autohaus-sturne-rochlitz.de/favicon.ico,logos/mazda-autohaus-sturne-rochlitz.de_e30ad08e.png,
https://mazda.de,https://mazda.de/favicon.ico,logos/mazda.de_cba416e9.ico,
https://linexps.com,https://linexps.com/favicon.ico,logos/linexps.com_4db431d1.png,
https://toyotanatas.com.tr,https://toyotanatas.com.tr/favicon.ico,logos/toyotanatas.com.tr_440397a4.png,
https://bbraun.rs,https://bbraun.rs/favicon.ico,logos/bbraun.rs_b791cb34.jpg,
https://bakertilly.com.pa,https://bakertilly.com.pa/favicon.ico,logos/bakertilly.com.pa_49d647b1.png,
https://daikin-ksa.com,https://daikin-ksa.com/favicon.ico,logos/daikin-ksa.com_9a0f240d.jpg,
https://bakertilly.ci,https://bakertilly.ci/favicon.ico,logos/bakertilly.ci_80f34176.png,
https://renault.dk,https://edge.sitecorecloud.io/hedinitaban27a1-hedin8837-prod5c4b-4604/media/Project/Hedin/Distribution-Cars/RenaultDkSite/favicon.png,logos/renault.dk_b1b07739.svg,
https://bakertilly.ky,https://bakertilly.ky/favicon.ico,logos/bakertilly.ky_d3d74994.svg,
https://cvjm-pfalz.de,https://cvjm-pfalz.de/favicon.ico,logos/cvjm-pfalz.de_1c9ff5b3.ico,
https://ibc-solar.pl,https://ibc-solar.pl/favicon.ico,logos/ibc-solar.pl_5f05ab7c.jpg,
https://mazda-autohaus-sturne-grimma.de,https://mazda-autohaus-sturne-grimma.de/favicon.ico,logos/mazda-autohaus-sturne-grimma.de_e30ad08e.png,
https://strabag-pfs.com,https://strabag-pfs.com/favicon.ico,logos/strabag-pfs.com_75b4f9b7.ico,
https://manpowergroup.no,https://manpowergroup.no/favicon.ico,logos/manpowergroup.no_c2f2c34e.jpg,
https://flashbay.ca,https://flashbay.ca/favicon.ico,logos/flashbay.ca_f353bf90.png,
https://mazda-autohaus-hansmann-kassel.de,https://mazda-autohaus-hansmann-kassel.de/favicon.ico,logos/mazda-autohaus-hansmann-kassel.de_e30ad08e.png,
https://chip.pl,https://chip.pl/favicon.ico,logos/chip.pl_8b64fbdc.png,
https://linde.pe,https://linde.pe/favicon.ico,logos/linde.pe_67fc549d.ico,
https://algordanza.com.au,https://algordanza.com.au/favicon.ico,logos/algordanza.com.au_2df35859.png,
https://mazda-autohaus-blank-dinkelsbuehl.de,https://mazda-autohaus-blank-dinkelsbuehl.de/favicon.ico,logos/mazda-autohaus-blank-dinkelsbuehl.de_e30ad08e.png,
https://allianz-kuhlemann.de,https://allianz-kuhlemann.de/favicon.ico,logos/allianz-kuhlemann.de_506bc68b.jpg,
https://einhell.ba,https://einhell.ba/favicon.ico,logos/einhell.ba_2395d011.jpg,
https://spitex-regionbirs.ch,https://spitex-regionbirs.ch/favicon.ico,logos/spitex-regionbirs.ch_41db8867.svg,
https://spitex-wiggertal.ch,https://spitex-wiggertal.ch/favicon.ico,logos/spitex-wiggertal.ch_990c9bb1.png,
https://pingusenglish.com.tr,https://pingusenglish.com.tr/favicon.ico,logos/pingusenglish.com.tr_3f498f1a.png,
https://kalyanmachines.com,https://kalyanmachines.com/favicon.ico,logos/kalyanmachines.com_700f6146.png,
https://besins-healthcare.se,https://besins-healthcare.se/favicon.ico,logos/besins-healthcare.se_b4c5b161.png,
https://siebtechnik-tema.cn,https://siebtechnik-tema.cn/favicon.ico,logos/siebtechnik-tema.cn_fae22943.png,
https://europa-union-sachsen-anhalt.de,https://europa-union-sachsen-anhalt.de/favicon.ico,logos/europa-union-sachsen-anhalt.de_83fe87a6.ico,
https://cdu-aldenhoven.de,https://cdu-aldenhoven.de/favicon.ico,logos/cdu-aldenhoven.de_9f38c8e9.png,
https://culliganwi.com,https://culliganwi.com/favicon.ico,logos/culliganwi.com_7437becd.svg,
https://veolia.ca,https://veolia.ca/favicon.ico,logos/veolia.ca_b7e7c877.png,
https://culligantotalwater.com,https://culligantotalwater.com/favicon.ico,logos/culligantotalwater.com_52691706.ico,
https://narscosmetics.es,https://narscosmetics.es/favicon.ico,logos/narscosmetics.es_ca1813b4.ico,
https://ibc-solar.jp,https://ibc-solar.jp/favicon.ico,logos/ibc-solar.jp_5f05ab7c.jpg,
https://aamcowilliamsportpa.com,https://aamcowilliamsportpa.com/favicon.ico,logos/aamcowilliamsportpa.com_6dc4950e.jpg,
https://spitex-wasseramt.ch,https://spitex-wasseramt.ch/favicon.ico,logos/spitex-wasseramt.ch_990c9bb1.png,
https://williamblairfunds.com,https://williamblairfunds.com/favicon.ico,logos/williamblairfunds.com_c3bb8f28.ico,
https://bioderma.co.za,https://bioderma.co.za/favicon.ico,logos/bioderma.co.za_d9711363.svg,
https://bauder.at,https://bauder.at/favicon.ico,logos/bauder.at_210f2277.png,
https://aamcotulsa-memorial.com,https://aamcotulsa-memorial.com/favicon.ico,logos/aamcotulsa-memorial.com_6dc4950e.jpg,
https://wurth.co,https://wurth.co/apple-touch-icon-precomposed.png,logos/wurth.co_20666799.png,
https://aamcocatonsvillemd.com,https://aamcocatonsvillemd.com/favicon.ico,logos/aamcocatonsvillemd.com_6dc4950e.jpg,
https://aamcobloomfield.com,https://aamcobloomfield.com/favicon.ico,logos/aamcobloomfield.com_73f2d3e5.jpg,
https://aamcopasadenatx.com,https://aamcopasadenatx.com/favicon.ico,logos/aamcopasadenatx.com_6dc4950e.jpg,
https://aamcodelran.com,https://aamcodelran.com/favicon.ico,logos/aamcodelran.com_6bab0422.jpg,
https://culliganheartland.com,https://culliganheartland.com/favicon.ico,logos/culliganheartland.com_f19961c6.svg,
https://worldvision.ca,https://worldvision.ca/favicon.ico,logos/worldvision.ca_efcc68da.jpg,
https://aamcosalemor.com,https://aamcosalemor.com/favicon.ico,logos/aamcosalemor.com_6dc4950e.jpg,
https://linde-electronics.com,https://linde-electronics.com/favicon.ico,logos/linde-electronics.com_b5a7f920.ico,
https://grantthornton.com.sv,https://grantthornton.com.sv/favicon.ico,logos/grantthornton.com.sv_a752019c.png,
https://chicco.pl,https://chicco.pl/favicon.ico,logos/chicco.pl_7ac810ea.jpg,
https://modshair-nuernberg.de,https://modshair-nuernberg.de/apple-touch-icon.png,logos/modshair-nuernberg.de_356b8580.png,
https://mazda-autohaus-tabbouch-speyer.de,https://mazda-autohaus-tabbouch-speyer.de/favicon.ico,logos/mazda-autohaus-tabbouch-speyer.de_d690d09f.svg,
https://cdviberica.com,https://cdviberica.com/favicon.ico,logos/cdviberica.com_6af099a7.png,
https://engie.cl,https://engie.cl/favicon.ico,logos/engie.cl_d01c723b.png,
https://zalando.dk,https://zalando.dk/favicon.ico,logos/zalando.dk_288271bc.svg,
https://daikinkuwait.com,https://daikinkuwait.com/favicon.ico,logos/daikinkuwait.com_5868b553.svg,
https://ikea.com.hk,https://ikea.com.hk/favicon.ico,logos/ikea.com.hk_0877a4c0.svg,
https://toofacedcosmetics.jp,https://toofacedcosmetics.jp/apple-touch-icon-precomposed.png,logos/toofacedcosmetics.jp_aa704878.png,
https://wurth.fi,https://wurth.fi/favicon.ico,logos/wurth.fi_9e6250d7.png,
https://pcllawyersfrankston.com.au,https://pcllawyersfrankston.com.au/favicon.ico,logos/pcllawyersfrankston.com.au_02856022.png,
https://azets.ie,https://azets.ie/favicon.ico,logos/azets.ie_772c4d65.jpg,
https://vitalimages.com,https://vitalimages.com/favicon.ico,logos/vitalimages.com_ddbead01.svg,
https://crif.pl,https://crif.pl/favicon.ico,logos/crif.pl_9a275a23.svg,
https://toysrus.com.sg,https://toysrus.com.sg/favicon.ico,logos/toysrus.com.sg_d6994414.jpg,
https://secureparkinghi.com,https://secureparkinghi.com/favicon.ico,logos/secureparkinghi.com_1ab344ff.png,
https://infiniti-bahrain.com,https://infiniti-bahrain.com/favicon.ico,logos/infiniti-bahrain.com_0a33fbf3.png,
https://linde-gas.nl,https://linde-gas.nl/favicon.ico,logos/linde-gas.nl_97842b9d.png,
https://santillana.com.hn,https://santillana.com.hn/favicon.ico,logos/santillana.com.hn_64eaa22d.png,
https://mazda-autohaus-haese-erkrath-hochdahl.de,https://mazda-autohaus-haese-erkrath-hochdahl.de/favicon.ico,logos/mazda-autohaus-haese-erkrath-hochdahl.de_e30ad08e.png,
https://intersport-arc1950.com,https://intersport-arc1950.com/favicon.ico,logos/intersport-arc1950.com_6f3affe8.jpg,
https://honda-pirola.com,https://honda-pirola.com/favicon.ico,logos/honda-pirola.com_4b86ec0c.jpg,
https://rsmthailand.com,https://rsmthailand.com/apple-touch-icon.png,logos/rsmthailand.com_396b8f5f.png,
https://mitsubishi-motors.com.om,https://mitsubishi-motors.com.om/favicon.ico,logos/mitsubishi-motors.com.om_b9794c98.svg,
https://engie.de,https://engie.de/favicon.ico,logos/engie.de_e26b318f.png,
https://pkf.co.in,https://pkf.co.in/favicon.ico,logos/pkf.co.in_8c5087b0.png,
https://savethechildren.it,https://savethechildren.it/favicon.ico,logos/savethechildren.it_2b32c08f.png,
https://aamcofeastervillepa.com,https://aamcofeastervillepa.com/favicon.ico,logos/aamcofeastervillepa.com_6bab0422.jpg,
https://misterwhat.nl,https://misterwhat.nl/favicon.ico,logos/misterwhat.nl_0e445bf7.ico,
https://einhell.hr,https://einhell.hr/favicon.ico,logos/einhell.hr_85309cd9.jpg,
https://mazda-autohaus-kilger-regen.de,https://mazda-autohaus-kilger-regen.de/favicon.ico,logos/mazda-autohaus-kilger-regen.de_e30ad08e.png,
https://mitsubishielectric.cz,https://mitsubishielectric.cz/favicon.ico,logos/mitsubishielectric.cz_2d88ed2f.png,
https://ikea.com.tr,https://ikea.com.tr/favicon.ico,logos/ikea.com.tr_4804f1f3.png,
https://toupret.ch,https://toupret.ch/favicon.ico,logos/toupret.ch_8ecb783c.jpg,
https://linde-gas.at,,,no_logo_found
https://mazda-autohaus-banaszak-kleve.de,https://mazda-autohaus-banaszak-kleve.de/favicon.ico,logos/mazda-autohaus-banaszak-kleve.de_e30ad08e.png,
https://kia-moeller-eisenach.de,https://kia-moeller-eisenach.de/favicon.ico,logos/kia-moeller-eisenach.de_3adb77e9.svg,
https://mazda-rzeszow-czach.pl,https://mazda-rzeszow-czach.pl/apple-touch-icon.png,logos/mazda-rzeszow-czach.pl_ced44dd0.png,
https://veolia.in,https://veolia.in/favicon.ico,logos/veolia.in_62f968b1.png,
https://veolia.pt,https://veolia.pt/favicon.ico,logos/veolia.pt_62f968b1.png,
https://greatplacetowork.com.cy,https://greatplacetowork.com.cy/favicon.ico,logos/greatplacetowork.com.cy_350d5c5c.svg,
https://bakertilly.dk,https://bakertilly.dk/favicon.ico,logos/bakertilly.dk_18edaa73.jpg,
https://kia-mueller-genthin.de,https://kia-mueller-genthin.de/favicon.ico,logos/kia-mueller-genthin.de_3adb77e9.svg,
https://mazda-autohaus-elstner-jena.de,https://mazda-autohaus-elstner-jena.de/favicon.ico,logos/mazda-autohaus-elstner-jena.de_e30ad08e.png,
https://bakertilly.ke,https://bakertilly.ke/favicon.ico,logos/bakertilly.ke_db0cf6fc.png,
https://nobleprog.co.th,https://nobleprog.co.th/favicon.ico,logos/nobleprog.co.th_49586cd6.png,
https://carglass.gr,https://carglass.gr/favicon.ico,logos/carglass.gr_fad672c1.svg,
https://mazda-service-koch-ludwigsfelde.de,https://mazda-service-koch-ludwigsfelde.de/favicon.ico,logos/mazda-service-koch-ludwigsfelde.de_e30ad08e.png,
https://edenred.es,https://edenred.es/favicon.ico,logos/edenred.es_32394cff.svg,
https://mazda-autohaus-dorner-riedlingen.de,https://mazda-autohaus-dorner-riedlingen.de/favicon.ico,logos/mazda-autohaus-dorner-riedlingen.de_e30ad08e.png,
https://murrelektronik.sk,https://murrelektronik.sk/favicon.ico,logos/murrelektronik.sk_82c0f777.ico,
https://aamcosantaclaritaca.com,https://aamcosantaclaritaca.com/favicon.ico,logos/aamcosantaclaritaca.com_994583ed.jpg,
https://dulux.pl,https://dulux.pl/favicon.ico,logos/dulux.pl_b5c8108d.png,
https://airbnb.rs,https://airbnb.rs/favicon.ico,logos/airbnb.rs_468e05d1.png,
https://toyotaaktoy.com.tr,https://toyotaaktoy.com.tr/favicon.ico,logos/toyotaaktoy.com.tr_581c2bfa.png,
https://aamcosuffolkva.com,https://aamcosuffolkva.com/favicon.ico,logos/aamcosuffolkva.com_6dc4950e.jpg,
https://mazda-autohaus-ludwig-halle-neustadt.de,https://mazda-autohaus-ludwig-halle-neustadt.de/favicon.ico,logos/mazda-autohaus-ludwig-halle-neustadt.de_e30ad08e.png,
https://statkraft.ie,https://statkraft.ie/favicon.ico,logos/statkraft.ie_1469c87f.png,
https://linde-gas.ee,https://linde-gas.ee/favicon.ico,logos/linde-gas.ee_a1e58f4c.jpg,
https://mazda-autohaus-lotspeich-muenchen.de,https://mazda-autohaus-lotspeich-muenchen.de/favicon.ico,logos/mazda-autohaus-lotspeich-muenchen.de_e30ad08e.png,
https://mazda-autohaus-thoss-falkenstein.de,https://mazda-autohaus-thoss-falkenstein.de/favicon.ico,logos/mazda-autohaus-thoss-falkenstein.de_e30ad08e.png,
https://dertour.sk,https://dertour.sk/favicon.ico,logos/dertour.sk_eb2afabf.jpg,
https://daikin.com.vn,https://daikin.com.vn/apple-touch-icon.png,logos/daikin.com.vn_9c1814ce.ico,
https://starbucks.co.nz,https://starbucks.co.nz/favicon.ico,logos/starbucks.co.nz_6a11fb3b.png,
https://bakertilly.sg,https://bakertilly.sg/favicon.ico,logos/bakertilly.sg_d3d74994.svg,
https://bakertilly.lv,https://bakertilly.lv/favicon.ico,logos/bakertilly.lv_80f34176.png,
https://sto.hr,https://sto.hr/favicon.ico,logos/sto.hr_f82a1826.png,
https://murrelektronik.hu,https://murrelektronik.hu/favicon.ico,logos/murrelektronik.hu_82c0f777.ico,
https://rutscherlebnis.at,https://rutscherlebnis.at/favicon.ico,logos/rutscherlebnis.at_d986e5db.png,
https://bestrucksofmn.net,https://bestrucksofmn.net/apple-touch-icon-precomposed.png,logos/bestrucksofmn.net_4e904a4c.png,
https://synlab.com.gh,https://synlab.com.gh/favicon.ico,logos/synlab.com.gh_2cc98462.png,
https://aamcometuchen.com,https://aamcometuchen.com/favicon.ico,logos/aamcometuchen.com_a65e5eb5.png,
https://grantthornton.com.ve,https://grantthornton.com.ve/favicon.ico,logos/grantthornton.com.ve_1df677a2.jpg,
https://murrelektronik.be,https://murrelektronik.be/favicon.ico,logos/murrelektronik.be_899a0e99.png,
https://lamborghini-zh.ch,https://lamborghini-zh.ch/favicon.ico,logos/lamborghini-zh.ch_907d8183.webp,
https://mazda-autohaus-buelo-naumburg.de,https://mazda-autohaus-buelo-naumburg.de/favicon.ico,logos/mazda-autohaus-buelo-naumburg.de_e30ad08e.png,
https://bbraun.ca,https://bbraun.ca/favicon.ico,logos/bbraun.ca_b791cb34.jpg,
https://modshair-bielefeld.de,https://modshair-bielefeld.de/favicon.ico,logos/modshair-bielefeld.de_3bf2a200.jpg,
https://mazda.fi,https://mazda.fi/favicon.ico,logos/mazda.fi_48d551ee.ico,
https://mazda-autohaus-fritsche-grossschoenau.de,https://mazda-autohaus-fritsche-grossschoenau.de/favicon.ico,logos/mazda-autohaus-fritsche-grossschoenau.de_e30ad08e.png,
https://cvjm-hemer.de,https://cvjm-hemer.de/favicon.ico,logos/cvjm-hemer.de_b9fc6b73.png,
https://aamcotulsa-brokenarrow.com,https://aamcotulsa-brokenarrow.com/favicon.ico,logos/aamcotulsa-brokenarrow.com_6dc4950e.jpg,
https://mazda-angola-autozuid.com,https://mazda-angola-autozuid.com/favicon.ico,logos/mazda-angola-autozuid.com_c0732f49.png,
https://rotary-bulgaria.org,https://rotary-bulgaria.org/favicon.ico,logos/rotary-bulgaria.org_6eaf756a.png,
https://benu.ee,https://benu.ee/favicon.ico,logos/benu.ee_4d0ba944.png,
https://intersport-martinique-guadeloupe.fr,https://intersport-martinique-guadeloupe.fr/favicon.ico,logos/intersport-martinique-guadeloupe.fr_394d67fa.png,
https://algeco.sk,https://algeco.sk/favicon.ico,logos/algeco.sk_285fe773.png,
https://actemium.com,https://actemium.com/favicon.ico,logos/actemium.com_52f53741.png,
https://bioderma-sk.com,https://bioderma-sk.com/favicon.ico,logos/bioderma-sk.com_8e31087a.svg,
https://vbh.be,https://vbh.be/favicon.ico,logos/vbh.be_cd67af2c.ico,
https://flashbay.co.nz,https://flashbay.co.nz/favicon.ico,logos/flashbay.co.nz_fb087b72.ico,
https://zalando.no,https://zalando.no/favicon.ico,logos/zalando.no_de83c633.png,
https://engie-africa.com,https://engie-africa.com/favicon.ico,logos/engie-africa.com_b0f03dff.svg,
https://reedglobal.hu,https://reedglobal.hu/apple-touch-icon.png,logos/reedglobal.hu_6548de14.png,
https://bonprix.nl,https://bonprix.nl/favicon.ico,logos/bonprix.nl_6cf8b96d.png,
https://flashbay.com.my,https://flashbay.com.my/favicon.ico,logos/flashbay.com.my_f9215b1d.png,
https://techtel.com.sg,https://techtel.com.sg/favicon.ico,logos/techtel.com.sg_4fc3a5df.png,
https://bbraun.ae,https://bbraun.ae/favicon.ico,logos/bbraun.ae_e369372d.jpg,
https://wwf.no,https://wwf.no/favicon.ico,logos/wwf.no_fe0fad68.jpg,
https://reedglobal.pl,https://reedglobal.pl/favicon.ico,logos/reedglobal.pl_d2574967.svg,
https://culliganwatertreatment.com,https://culliganwatertreatment.com/favicon.ico,logos/culliganwatertreatment.com_f19961c6.svg,
https://spitex-region-stockhorn.ch,https://spitex-region-stockhorn.ch/favicon.ico,logos/spitex-region-stockhorn.ch_2936a797.ico,
https://linexaus.com.au,https://linexaus.com.au/favicon.ico,logos/linexaus.com.au_b69101fc.jpg,
https://culligantulsa.com,https://culligantulsa.com/favicon.ico,logos/culligantulsa.com_4e3f620a.png,
https://veolia.pl,https://veolia.pl/favicon.ico,logos/veolia.pl_01bd1ace.ico,
https://crocs.ch,https://crocs.ch/favicon.ico,logos/crocs.ch_ed0c9d49.png,
https://aamcoeastmesa.com,https://aamcoeastmesa.com/favicon.ico,logos/aamcoeastmesa.com_0ecee6c8.jpg,
https://pearsonclinical.ca,https://pearsonclinical.ca/favicon.ico,logos/pearsonclinical.ca_6b261c17.ico,
https://jungheinrich.com.sg,https://jungheinrich.com.sg/favicon.ico,logos/jungheinrich.com.sg_a117edd8.ico,
https://aamcowestbroward.com,https://aamcowestbroward.com/favicon.ico,logos/aamcowestbroward.com_6dc4950e.jpg,
https://aamcoparkvillemd.com,https://aamcoparkvillemd.com/favicon.ico,logos/aamcoparkvillemd.com_6dc4950e.jpg,
https://toyotagocmenturk.com.tr,https://toyotagocmenturk.com.tr/favicon.ico,logos/toyotagocmenturk.com.tr_9fefd624.png,
https://bosch-industry-consulting.com,https://bosch-industry-consulting.com/favicon.ico,logos/bosch-industry-consulting.com_e514a8f5.png,
https://actemium.pt,https://actemium.pt/favicon.ico,logos/actemium.pt_5c948a60.png,
https://mazda.ru,https://mazda.ru/favicon.ico,logos/mazda.ru_0eb72106.png,
https://aamcoclaymontde.com,https://aamcoclaymontde.com/favicon.ico,logos/aamcoclaymontde.com_6bab0422.jpg,
https://worldvision.org.nz,https://worldvision.org.nz/favicon.ico,logos/worldvision.org.nz_6a0f5256.jpg,
https://linde.co.th,https://linde.co.th/favicon.ico,logos/linde.co.th_c2f9755d.jpg,
https://baywa-re.vn,https://baywa-re.vn/favicon.ico,logos/baywa-re.vn_9e057628.png,
https://veoliawatertechnologies.pl,https://veoliawatertechnologies.pl/favicon.ico,logos/veoliawatertechnologies.pl_62f968b1.png,
https://wuerth.com.hr,https://wuerth.com.hr/favicon.ico,logos/wuerth.com.hr_37af1d53.ico,
https://cdlbarreiras.com.br,https://cdlbarreiras.com.br/favicon.ico,logos/cdlbarreiras.com.br_44f5463a.jpg,
https://bakertilly.bg,https://bakertilly.bg/favicon.ico,logos/bakertilly.bg_ee93fc97.png,
https://veoliawatertechnologies.fi,https://veoliawatertechnologies.fi/favicon.ico,logos/veoliawatertechnologies.fi_01bd1ace.ico,
https://veolia.bg,https://veolia.bg/favicon.ico,logos/veolia.bg_b7e7c877.png,
https://vkf-renzel.ro,https://vkf-renzel.ro/favicon.ico,logos/vkf-renzel.ro_d89b628e.png,
https://aamcoeverett.com,https://aamcoeverett.com/favicon.ico,logos/aamcoeverett.com_6dc4950e.jpg,
https://aamcohialeahfl.com,https://aamcohialeahfl.com/favicon.ico,logos/aamcohialeahfl.com_6dc4950e.jpg,
https://spitexgossau.ch,https://spitexgossau.ch/favicon.ico,logos/spitexgossau.ch_dd9cfd2f.svg,
https://enterprise.dk,https://enterprise.dk/favicon.ico,logos/enterprise.dk_4902441e.png,
https://nordicpharma.pt,https://nordicpharma.pt/apple-touch-icon.png,logos/nordicpharma.pt_d59fbb92.png,
https://mazda-sosnowiec-mirai.pl,https://mazda-sosnowiec-mirai.pl/apple-touch-icon.png,logos/mazda-sosnowiec-mirai.pl_5a4ab56c.png,
https://mazda-autohaus-schindlbeck-straubing.de,https://mazda-autohaus-schindlbeck-straubing.de/favicon.ico,logos/mazda-autohaus-schindlbeck-straubing.de_e30ad08e.png,
https://ikea.ee,https://ikea.ee/favicon.ico,logos/ikea.ee_a1dba2c3.ico,
https://spitex-oberthurgau.ch,https://spitex-oberthurgau.ch/favicon.ico,logos/spitex-oberthurgau.ch_b5aa0b1a.svg,
https://toyotasandikci.com.tr,https://toyotasandikci.com.tr/favicon.ico,logos/toyotasandikci.com.tr_9fefd624.png,
https://toysrus.com.my,https://toysrus.com.my/favicon.ico,logos/toysrus.com.my_7f096999.svg,
https://veolia.fi,https://veolia.fi/favicon.ico,logos/veolia.fi_b7e7c877.png,
https://mazda-autohaus-mueller-und-thurnes-tholey.de,https://mazda-autohaus-mueller-und-thurnes-tholey.de/favicon.ico,logos/mazda-autohaus-mueller-und-thurnes-tholey.de_e30ad08e.png,
https://mazda-autohaus-albstadt-auto-domicil-ebingen.de,https://mazda-autohaus-albstadt-auto-domicil-ebingen.de/favicon.ico,logos/mazda-autohaus-albstadt-auto-domicil-ebingen.de_e30ad08e.png,
https://rockvalleyculligan.com,https://rockvalleyculligan.com/favicon.ico,logos/rockvalleyculligan.com_b7a9010d.png,
https://manpowergroup.dk,https://manpowergroup.dk/favicon.ico,logos/manpowergroup.dk_3e3b4822.svg,
https://santillana.com.uy,https://santillana.com.uy/favicon.ico,logos/santillana.com.uy_64eaa22d.png,
https://carglass.hu,https://carglass.hu/favicon.ico,logos/carglass.hu_d35b87cd.ico,
https://culliganquadcities.com,https://culliganquadcities.com/favicon.ico,logos/culliganquadcities.com_52691706.ico,
https://zalando.at,https://zalando.at/favicon.ico,logos/zalando.at_615ee346.png,
https://chicco.ru,https://chicco.ru/favicon.ico,logos/chicco.ru_7ac810ea.jpg,
https://hyundaiblacktown.com.au,https://hyundaiblacktown.com.au/favicon.ico,logos/hyundaiblacktown.com.au_7b491366.png,
https://bakertilly.sl,https://bakertilly.sl/favicon.ico,logos/bakertilly.sl_205e07ae.png,
https://yves-rocher.pt,https://yves-rocher.pt/favicon.ico,logos/yves-rocher.pt_8b2e5dc9.svg,
https://aamcoindependencemo.com,https://aamcoindependencemo.com/favicon.ico,logos/aamcoindependencemo.com_0ae9c45d.webp,
https://lidl-giftcard.eu,,,no_logo_found
https://demetercs.eu,https://demetercs.eu/favicon.ico,logos/demetercs.eu_4aec41e7.png,
https://veolia.co.za,https://veolia.co.za/favicon.ico,logos/veolia.co.za_62f968b1.png,
https://misterwhat.pt,https://misterwhat.pt/favicon.ico,logos/misterwhat.pt_70b6cd76.png,
https://infiniti-abudhabi.com,https://infiniti-abudhabi.com/apple-touch-icon.png,logos/infiniti-abudhabi.com_0a33fbf3.png,
https://bioderma.it,https://bioderma.it/apple-touch-icon.png,logos/bioderma.it_d9711363.svg,
https://spitex-oberfreiamt.ch,https://spitex-oberfreiamt.ch/favicon.ico,logos/spitex-oberfreiamt.ch_2936a797.ico,
https://shimadzu-la.com,https://shimadzu-la.com/favicon.ico,logos/shimadzu-la.com_d2d25dd8.svg,
https://infiniti-dubai.com,https://infiniti-dubai.com/favicon.ico,logos/infiniti-dubai.com_2f152dfb.png,
https://einhell.com.ar,https://einhell.com.ar/favicon.ico,logos/einhell.com.ar_46f9d799.png,
https://spitexzug.ch,https://spitexzug.ch/favicon.ico,logos/spitexzug.ch_3f47daea.svg,
https://culligansiouxcity.com,https://culligansiouxcity.com/favicon.ico,logos/culligansiouxcity.com_b7a9010d.png,
https://yonyou.com.hk,https://yonyou.com.hk/favicon.ico,logos/yonyou.com.hk_edaa6b13.webp,
https://bbraun.ph,https://bbraun.ph/favicon.ico,logos/bbraun.ph_b791cb34.jpg,
https://avia-belgomine.be,https://avia-belgomine.be/favicon.ico,logos/avia-belgomine.be_6d1603c1.png,
https://veolia.am,https://veolia.am/favicon.ico,logos/veolia.am_b7e7c877.png,
https://rationalstock.es,https://rationalstock.es/favicon.ico,logos/rationalstock.es_1d751efc.png,
https://aamcoburbank.com,https://aamcoburbank.com/favicon.ico,logos/aamcoburbank.com_72670674.jpg,
https://aamcomissouricitytx.com,https://aamcomissouricitytx.com/favicon.ico,logos/aamcomissouricitytx.com_6dc4950e.jpg,
https://muvpropiedades.com.ar,https://muvpropiedades.com.ar/favicon.ico,logos/muvpropiedades.com.ar_e1175c42.jpg,
https://chicco.co.nz,https://chicco.co.nz/favicon.ico,logos/chicco.co.nz_686794f3.svg,
https://mazda-autohaus-doerenkaemper-bad-hersfeld.de,https://mazda-autohaus-doerenkaemper-bad-hersfeld.de/favicon.ico,logos/mazda-autohaus-doerenkaemper-bad-hersfeld.de_e30ad08e.png,
https://misterwhat.pl,https://misterwhat.pl/favicon.ico,logos/misterwhat.pl_489406be.png,
https://lightspeedhq.fr,https://lightspeedhq.fr/favicon.ico,logos/lightspeedhq.fr_54337ecd.png,
https://mazda-autohaus-boehme-lutherstadt-wittenberg.de,https://mazda-autohaus-boehme-lutherstadt-wittenberg.de/favicon.ico,logos/mazda-autohaus-boehme-lutherstadt-wittenberg.de_e30ad08e.png,
https://servier.co.uk,https://servier.co.uk/favicon.ico,logos/servier.co.uk_edc2af8e.png,
https://mazda-autohaus-stiefel-muehlacker.de,https://mazda-autohaus-stiefel-muehlacker.de/favicon.ico,logos/mazda-autohaus-stiefel-muehlacker.de_e30ad08e.png,
https://linexofmacon.com,https://linexofmacon.com/favicon.ico,logos/linexofmacon.com_867c83ed.png,
https://bakertillymapema.se,https://bakertillymapema.se/favicon.ico,logos/bakertillymapema.se_1ddc3984.jpg,
https://pragroup.com.au,https://pragroup.com.au/favicon.ico,logos/pragroup.com.au_da3b7ea5.ico,
https://aamcopompanobeach.com,https://aamcopompanobeach.com/favicon.ico,logos/aamcopompanobeach.com_6dc4950e.jpg,
https://mazda-press.com,https://mazda-press.com/favicon.ico,logos/mazda-press.com_cba416e9.ico,
https://bbraun.lt,https://bbraun.lt/favicon.ico,logos/bbraun.lt_f32d7c56.jpg,
https://spitexgaiserwald.ch,https://spitexgaiserwald.ch/favicon.ico,logos/spitexgaiserwald.ch_2936a797.ico,
https://plameco.nl,https://plameco.nl/apple-touch-icon.png,logos/plameco.nl_6980048e.png,
https://aamcovinelandnj.com,https://aamcovinelandnj.com/favicon.ico,logos/aamcovinelandnj.com_1c0c8567.ico,
https://salvationarmy.org.sg,https://salvationarmy.org.sg/favicon.ico,logos/salvationarmy.org.sg_c2a66a3b.webp,
https://colorflexpackaging.com,https://colorflexpackaging.com/favicon.ico,logos/colorflexpackaging.com_3feaf89b.jpg,
https://fmlogistic.cz,https://fmlogistic.cz/favicon.ico,logos/fmlogistic.cz_7a94a257.png,
https://mazda.hu,https://mazda.hu/favicon.ico,logos/mazda.hu_5f8a074a.svg,
https://santander.de,https://santander.de/favicon.ico,logos/santander.de_0a5b7616.ico,
https://etxt.biz,https://etxt.biz/favicon.ico,logos/etxt.biz_ec118ceb.png,
https://bbraun.co.uk,https://bbraun.co.uk/favicon.ico,logos/bbraun.co.uk_b791cb34.jpg,
https://honda-rouen.com,https://honda-rouen.com/apple-touch-icon.png,logos/honda-rouen.com_5ac024fa.png,
https://mazda-autohaus-wilhelm-huellhorst.de,https://mazda-autohaus-wilhelm-huellhorst.de/favicon.ico,logos/mazda-autohaus-wilhelm-huellhorst.de_e30ad08e.png,
https://propertyfinder.com,https://propertyfinder.com/favicon.ico,logos/propertyfinder.com_b79c1b27.ico,
https://mazda-autohaus-abs-erlangen.de,https://mazda-autohaus-abs-erlangen.de/favicon.ico,logos/mazda-autohaus-abs-erlangen.de_e30ad08e.png,
https://mazda-autohaus-voigtlaender-meyer-hamburg.de,https://mazda-autohaus-voigtlaender-meyer-hamburg.de/favicon.ico,logos/mazda-autohaus-voigtlaender-meyer-hamburg.de_e30ad08e.png,
https://santander.pt,https://santander.pt/favicon.ico,logos/santander.pt_e80d1322.png,
https://spitex-waedenswil.ch,https://spitex-waedenswil.ch/favicon.ico,logos/spitex-waedenswil.ch_990c9bb1.png,
https://mitsubishi-motors.it,https://mitsubishi-motors.it/favicon.ico,logos/mitsubishi-motors.it_e5069e90.svg,
https://synergie.com,https://synergie.com/favicon.ico,logos/synergie.com_af4236b9.ico,
https://kia-hotz-gardelegen.de,https://kia-hotz-gardelegen.de/favicon.ico,logos/kia-hotz-gardelegen.de_938845ac.jpg,
https://spitex-imboden.ch,https://spitex-imboden.ch/favicon.ico,logos/spitex-imboden.ch_2936a797.ico,
https://mazda-autohaus-lehmann-senftenberg.de,https://mazda-autohaus-lehmann-senftenberg.de/favicon.ico,logos/mazda-autohaus-lehmann-senftenberg.de_e30ad08e.png,
https://nobleprog.ro,https://nobleprog.ro/favicon.ico,logos/nobleprog.ro_4bb2f369.ico,
https://eurofins.at,https://eurofins.at/favicon.ico,logos/eurofins.at_2eb701f7.png,
https://mazda-autohaus-rausch-dresden.de,https://mazda-autohaus-rausch-dresden.de/favicon.ico,logos/mazda-autohaus-rausch-dresden.de_e30ad08e.png,
https://fmlogistic.ro,https://fmlogistic.ro/favicon.ico,logos/fmlogistic.ro_7a94a257.png,
https://mazda-autohaus-heider-dresden.de,https://mazda-autohaus-heider-dresden.de/favicon.ico,logos/mazda-autohaus-heider-dresden.de_8a272ed0.png,
https://bbraun.com.vn,https://bbraun.com.vn/favicon.ico,logos/bbraun.com.vn_b791cb34.jpg,
https://steinbacher.pl,https://steinbacher.pl/favicon.ico,logos/steinbacher.pl_f3bf81b7.png,
https://fmlogistic.com.ua,https://fmlogistic.com.ua/favicon.ico,logos/fmlogistic.com.ua_7a94a257.png,
https://bosch-industrial.com,https://bosch-industrial.com/favicon.ico,logos/bosch-industrial.com_3714c213.png,
https://howdensafetysolutions.com,https://howdensafetysolutions.com/apple-touch-icon.png,logos/howdensafetysolutions.com_6775792a.ico,
https://murrelektronik.kr,https://murrelektronik.kr/favicon.ico,logos/murrelektronik.kr_899a0e99.png,
https://carlsjr.fr,https://carlsjr.fr/favicon.ico,logos/carlsjr.fr_e20c9f5d.jpg,
https://inductothermgroup.com.br,https://inductothermgroup.com.br/favicon.ico,logos/inductothermgroup.com.br_a857edd1.png,
https://drekopf-kanalservice.de,https://drekopf-kanalservice.de/favicon.ico,logos/drekopf-kanalservice.de_6ce016f8.png,
https://abilways.be,https://abilways.be/favicon.ico,logos/abilways.be_6aded836.svg,
https://murrelektronik.no,https://murrelektronik.no/favicon.ico,logos/murrelektronik.no_899a0e99.png,
https://besins-healthcare.nl,https://besins-healthcare.nl/favicon.ico,logos/besins-healthcare.nl_b4c5b161.png,
https://toyotakar.com.tr,https://toyotakar.com.tr/favicon.ico,logos/toyotakar.com.tr_9fefd624.png,
https://sto-sea.com,https://sto-sea.com/favicon.ico,logos/sto-sea.com_146989e7.ico,
https://axa.dz,https://axa.dz/favicon.ico,logos/axa.dz_c8b2e942.png,
https://hyundaichullora.com.au,https://hyundaichullora.com.au/favicon.ico,logos/hyundaichullora.com.au_f121f6bf.ico,
https://bioderma.com.hr,https://bioderma.com.hr/apple-touch-icon.png,logos/bioderma.com.hr_8e31087a.svg,
https://sto.fi,https://sto.fi/favicon.ico,logos/sto.fi_146989e7.ico,
https://synlab.cz,https://synlab.cz/favicon.ico,logos/synlab.cz_ade50f29.png,
https://greatplacetowork.com.pe,https://greatplacetowork.com.pe/apple-touch-icon.png,logos/greatplacetowork.com.pe_3039241f.svg,
https://flashbay.fr,https://flashbay.fr/favicon.ico,logos/flashbay.fr_599c4e11.png,
https://bakertilly.gt,https://bakertilly.gt/favicon.ico,logos/bakertilly.gt_715f0d77.jpg,
https://elizabetharden.tw,https://elizabetharden.tw/favicon.ico,logos/elizabetharden.tw_6f46dadc.jpg,
https://aamcopottstownpa.com,https://aamcopottstownpa.com/favicon.ico,logos/aamcopottstownpa.com_83cb9215.jpg,
https://amway.at,https://amway.at/favicon.ico,logos/amway.at_b736daa7.svg,
https://zalando.be,https://zalando.be/favicon.ico,logos/zalando.be_de83c633.png,
https://bbraun.se,https://bbraun.se/favicon.ico,logos/bbraun.se_b791cb34.jpg,
https://veoliawatertechnologies.fr,https://veoliawatertechnologies.fr/favicon.ico,logos/veoliawatertechnologies.fr_01bd1ace.ico,
https://pearsonclinical.com.au,https://pearsonclinical.com.au/favicon.ico,logos/pearsonclinical.com.au_a0216e40.svg,
https://freseniuskidneycare.ph,https://freseniuskidneycare.ph/apple-touch-icon.png,logos/freseniuskidneycare.ph_fa41b20e.ico,
https://saint-gobain-glass.es,https://saint-gobain-glass.es/favicon.ico,logos/saint-gobain-glass.es_fd44bf60.jpg,
https://aamcosilverspringmd.com,https://aamcosilverspringmd.com/favicon.ico,logos/aamcosilverspringmd.com_6dc4950e.jpg,
https://intersport-courchevel1850.com,https://intersport-courchevel1850.com/favicon.ico,logos/intersport-courchevel1850.com_babbb9e7.jpg,
https://aamcochannelviewtx.com,https://aamcochannelviewtx.com/favicon.ico,logos/aamcochannelviewtx.com_6dc4950e.jpg,
https://intersport-grandbornand.com,https://intersport-grandbornand.com/favicon.ico,logos/intersport-grandbornand.com_babbb9e7.jpg,
https://kia-christ-ansbach.de,https://kia-christ-ansbach.de/favicon.ico,logos/kia-christ-ansbach.de_938845ac.jpg,
https://sans-sans.com.my,https://sans-sans.com.my/favicon.ico,logos/sans-sans.com.my_89279e5b.jpg,
https://aamcoroslindalema.com,https://aamcoroslindalema.com/favicon.ico,logos/aamcoroslindalema.com_6dc4950e.jpg,
https://demeter.at,https://demeter.at/favicon.ico,logos/demeter.at_e045d148.png,
https://aamcobrooklyn-ralphave.com,https://aamcobrooklyn-ralphave.com/favicon.ico,logos/aamcobrooklyn-ralphave.com_abdc045e.jpg,
https://intersport.be,https://intersport.be/apple-touch-icon.png,logos/intersport.be_f502d0c8.svg,
https://worldvision.cl,https://www.worldvision.cl/hubfs/WVI%20PERU%202024/ri-instagram-fill.png,logos/worldvision.cl_682cf4b7.png,
https://nordicpharma.nl,https://nordicpharma.nl/favicon.ico,logos/nordicpharma.nl_a0754794.png,
https://airbnb.cz,https://airbnb.cz/favicon.ico,logos/airbnb.cz_8a0b5266.png,
https://mazda.lt,https://mazda.lt/favicon.ico,logos/mazda.lt_d19770ed.ico,
https://toyotadolak.cz,https://toyotadolak.cz/favicon.ico,logos/toyotadolak.cz_9a16c858.png,
https://greatplacetowork.co.kr,https://greatplacetowork.co.kr/favicon.ico,logos/greatplacetowork.co.kr_3039241f.svg,
https://linde-gas.sk,https://linde-gas.sk/favicon.ico,logos/linde-gas.sk_b084894a.jpg,
https://ikea.pr,https://ikea.pr/favicon.ico,logos/ikea.pr_bb7cdcb2.ico,
https://airbnb.com.pe,https://airbnb.com.pe/favicon.ico,logos/airbnb.com.pe_204f5be1.png,
https://savethechildren.org.za,https://savethechildren.org.za/favicon.ico,logos/savethechildren.org.za_2a6066e4.ico,
https://ardex.at,https://ardex.at/favicon.ico,logos/ardex.at_19a58665.png,
https://toyotabakircilarfethiye.com.tr,https://toyotabakircilarfethiye.com.tr/favicon.ico,logos/toyotabakircilarfethiye.com.tr_9fefd624.png,
https://shopee.in,https://shopee.in/favicon.ico,logos/shopee.in_1a05aaeb.png,
https://kia-strehle-dresden.de,https://kia-strehle-dresden.de/favicon.ico,logos/kia-strehle-dresden.de_938845ac.jpg,
https://toyotacavdarli.com.tr,https://toyotacavdarli.com.tr/favicon.ico,logos/toyotacavdarli.com.tr_581c2bfa.png,
https://mazda-automobile-weberpals-sonneberg-hoenbach.de,https://mazda-automobile-weberpals-sonneberg-hoenbach.de/favicon.ico,logos/mazda-automobile-weberpals-sonneberg-hoenbach.de_e30ad08e.png,
https://fmlogistic.es,https://fmlogistic.es/favicon.ico,logos/fmlogistic.es_7a94a257.png,
https://daikinlebanon.com,https://daikinlebanon.com/favicon.ico,logos/daikinlebanon.com_80cb57bc.jpg,
https://toyotasarar.com.tr,https://toyotasarar.com.tr/favicon.ico,logos/toyotasarar.com.tr_9fefd624.png,
https://menicon.com.au,https://menicon.com.au/favicon.ico,logos/menicon.com.au_811cc1f4.png,
https://daikinafrica.com,https://daikinafrica.com/favicon.ico,logos/daikinafrica.com_d8dc448e.jpg,
https://airbnb.com.ar,https://airbnb.com.ar/favicon.ico,logos/airbnb.com.ar_468e05d1.png,
https://toyotaakkoyunlu.com.tr,https://toyotaakkoyunlu.com.tr/favicon.ico,logos/toyotaakkoyunlu.com.tr_9fefd624.png,
https://daikinegypt.com,https://daikinegypt.com/apple-touch-icon.png,logos/daikinegypt.com_20cd0a81.svg,
https://mazda-warszawa-bemomotors.pl,https://mazda-warszawa-bemomotors.pl/apple-touch-icon.png,logos/mazda-warszawa-bemomotors.pl_5a4ab56c.png,
https://actemium.at,https://actemium.at/favicon.ico,logos/actemium.at_a601d727.png,
https://veolia.ma,https://veolia.ma/favicon.ico,logos/veolia.ma_01bd1ace.ico,
https://toyotaotojen.com.tr,https://toyotaotojen.com.tr/favicon.ico,logos/toyotaotojen.com.tr_9fefd624.png,
https://mazda-autohaus-hansmann-melsungen.de,https://mazda-autohaus-hansmann-melsungen.de/favicon.ico,logos/mazda-autohaus-hansmann-melsungen.de_e30ad08e.png,
https://fmlogistic.sk,https://fmlogistic.sk/favicon.ico,logos/fmlogistic.sk_7a94a257.png,
https://billygraham.ca,https://billygraham.ca/favicon.ico,logos/billygraham.ca_b4fb126e.png,
https://vkf-renzel.cz,https://vkf-renzel.cz/favicon.ico,logos/vkf-renzel.cz_d89b628e.png,
https://renault.pe,https://renault.pe/favicon.ico,logos/renault.pe_c66b5215.png,
https://veoliawatertechnologies.es,https://veoliawatertechnologies.es/favicon.ico,logos/veoliawatertechnologies.es_62f968b1.png,
https://stanbicbank.co.zm,https://stanbicbank.co.zm/favicon.ico,logos/stanbicbank.co.zm_bd25c164.jpg,
https://manpowergroup.com.sg,https://manpowergroup.com.sg/favicon.ico,logos/manpowergroup.com.sg_b3a4274e.svg,
https://synlab.hr,https://synlab.hr/favicon.ico,logos/synlab.hr_fb175ff1.png,
https://nikonclub.fr,https://nikonclub.fr/favicon.ico,logos/nikonclub.fr_78b432fb.webp,
https://pearsonclinical.es,https://pearsonclinical.es/favicon.ico,logos/pearsonclinical.es_934731df.svg,
https://bakertilly.fr,https://bakertilly.fr/favicon.ico,logos/bakertilly.fr_dd2a479b.png,
https://linde-gas.lv,https://linde-gas.lv/favicon.ico,logos/linde-gas.lv_b12e59fd.jpg,
https://toyotagoktepe.com.tr,https://toyotagoktepe.com.tr/favicon.ico,logos/toyotagoktepe.com.tr_9fefd624.png,
https://europa-union-diepholz.de,https://europa-union-diepholz.de/favicon.ico,logos/europa-union-diepholz.de_b882c637.jpg,
https://aamcoinglewoodca.com,https://aamcoinglewoodca.com/favicon.ico,logos/aamcoinglewoodca.com_6dc4950e.jpg,
https://bakertillylb.com,https://bakertillylb.com/favicon.ico,logos/bakertillylb.com_d3d74994.svg,
https://benu.nl,https://benu.nl/favicon.ico,logos/benu.nl_4d1f368d.webp,
https://plastoplan.pl,https://plastoplan.pl/favicon.ico,logos/plastoplan.pl_d26c8588.png,
https://nordicpharma.co.uk,https://nordicpharma.co.uk/favicon.ico,logos/nordicpharma.co.uk_da9a531b.png,
https://minisoindia.com,https://minisoindia.com/favicon.ico,logos/minisoindia.com_387bd296.png,
https://aliaxis.cz,https://aliaxis.cz/favicon.ico,logos/aliaxis.cz_af6c66c9.png,
https://plameco.be,https://plameco.be/favicon.ico,logos/plameco.be_524b5ff8.png,
https://kia-bachmann-wehretal.de,https://kia-bachmann-wehretal.de/favicon.ico,logos/kia-bachmann-wehretal.de_3adb77e9.svg,
https://kia-brass-frankfurt.de,https://kia-brass-frankfurt.de/favicon.ico,logos/kia-brass-frankfurt.de_938845ac.jpg,
https://veolia.com.sg,https://veolia.com.sg/favicon.ico,logos/veolia.com.sg_01bd1ace.ico,
https://mapfre.com.ni,https://mapfre.com.ni/favicon.ico,logos/mapfre.com.ni_5fbfbaf6.png,
https://mazda.com.ec,https://mazda.com.ec/favicon.ico,logos/mazda.com.ec_aa96953d.png,
https://synergiejobs.nl,https://synergiejobs.nl/favicon.ico,logos/synergiejobs.nl_6ba4297d.jpg,
https://honda-rennes.com,https://honda-rennes.com/favicon.ico,logos/honda-rennes.com_5ac024fa.png,
https://aamcoalexandriava.com,https://aamcoalexandriava.com/favicon.ico,logos/aamcoalexandriava.com_6dc4950e.jpg,
https://veoliawatertechnologies.it,https://veoliawatertechnologies.it/favicon.ico,logos/veoliawatertechnologies.it_62f968b1.png,
https://modshair.co.nz,https://modshair.co.nz/favicon.ico,logos/modshair.co.nz_af83fa0a.png,
https://schaumann.it,https://schaumann.it/favicon.ico,logos/schaumann.it_cea3578d.png,
https://isover.sk,https://isover.sk/favicon.ico,logos/isover.sk_2b73dc0e.png,
https://isover.bg,https://isover.bg/favicon.ico,logos/isover.bg_776fa5ac.webp,
https://pingusenglish.my,https://pingusenglish.my/favicon.ico,logos/pingusenglish.my_dd0f9373.png,
https://alcirclebiz.com,https://alcirclebiz.com/favicon.ico,logos/alcirclebiz.com_88785170.png,
https://mazda-autohaus-schmidt-meschede.de,https://mazda-autohaus-schmidt-meschede.de/favicon.ico,logos/mazda-autohaus-schmidt-meschede.de_e30ad08e.png,
https://brother.com.br,https://brother.com.br/favicon.ico,logos/brother.com.br_079389db.jpg,
https://culligandelavan.com,https://culligandelavan.com/favicon.ico,logos/culligandelavan.com_52691706.ico,
https://svnchicagopm.com,https://svnchicagopm.com/favicon.ico,logos/svnchicagopm.com_8458846e.png,
https://aamcovirginiabeachva.com,https://aamcovirginiabeachva.com/favicon.ico,logos/aamcovirginiabeachva.com_6dc4950e.jpg,
https://airbnb.com.tw,https://airbnb.com.tw/favicon.ico,logos/airbnb.com.tw_8a0b5266.png,
https://airbnb.com.hk,https://airbnb.com.hk/favicon.ico,logos/airbnb.com.hk_8a0b5266.png,
https://wordans.de,https://wordans.de/favicon.ico,logos/wordans.de_3330c616.jpg,
https://hahn-kolb.mx,https://hahn-kolb.mx/favicon.ico,logos/hahn-kolb.mx_35191625.png,
https://carglass.si,https://carglass.si/favicon.ico,logos/carglass.si_3cdd2c23.png,
https://greatplacetowork.lu,https://greatplacetowork.lu/apple-touch-icon.png,logos/greatplacetowork.lu_3039241f.svg,
https://cdvi.ch,https://cdvi.ch/favicon.ico,logos/cdvi.ch_6af099a7.png,
https://aamcoglendaleoldtown.com,https://aamcoglendaleoldtown.com/favicon.ico,logos/aamcoglendaleoldtown.com_6dc4950e.jpg,
https://savethechildren.org.au,https://savethechildren.org.au/favicon.ico,logos/savethechildren.org.au_a98679ef.jpg,
https://mazda-tarnowskiegory-mirai.pl,,,no_logo_found
https://mazda-autohaus-weber-magdeburg.de,https://mazda-autohaus-weber-magdeburg.de/favicon.ico,logos/mazda-autohaus-weber-magdeburg.de_e30ad08e.png,
https://humanasecondhand.se,https://humanasecondhand.se/favicon.ico,logos/humanasecondhand.se_e0d9ced6.png,
https://ardex.com.tw,https://ardex.com.tw/favicon.ico,logos/ardex.com.tw_450cb92c.jpg,
https://experian.in,https://experian.in/apple-touch-icon-precomposed.png,logos/experian.in_db251ad0.png,
https://dulux.co.zw,https://dulux.co.zw/favicon.ico,logos/dulux.co.zw_0175fa98.webp,
https://advocarenewbornnetwork.com,https://advocarenewbornnetwork.com/favicon.ico,logos/advocarenewbornnetwork.com_8dec9977.png,
https://mazda-autocentrum-engin-holzminden.de,https://mazda-autocentrum-engin-holzminden.de/favicon.ico,logos/mazda-autocentrum-engin-holzminden.de_e30ad08e.png,
https://kia-diamant-wiesbaden.de,https://kia-diamant-wiesbaden.de/favicon.ico,logos/kia-diamant-wiesbaden.de_938845ac.jpg,
https://intersport.fi,https://intersport.fi/favicon.ico,logos/intersport.fi_95cf6719.png,
https://toyotamezcar.com.tr,https://toyotamezcar.com.tr/favicon.ico,logos/toyotamezcar.com.tr_440397a4.png,
https://promat.ch,https://promat.ch/favicon.ico,logos/promat.ch_4c60859f.gif,
https://msd-animal-health.pt,https://www.msd-animal-health.pt/wp-content/uploads/sites/17/2020/07/4.png?w=100,logos/msd-animal-health.pt_19675b52.png,
https://kia-gj-remagen-rolandseck.de,https://kia-gj-remagen-rolandseck.de/favicon.ico,logos/kia-gj-remagen-rolandseck.de_938845ac.jpg,
https://servier.hu,https://servier.hu/favicon.ico,logos/servier.hu_87852277.png,
https://zalando.ee,https://zalando.ee/favicon.ico,logos/zalando.ee_de83c633.png,
https://kumonshuppan.com,https://kumonshuppan.com/favicon.ico,logos/kumonshuppan.com_d8b60459.png,
https://castsoftware.it,https://castsoftware.it/favicon.ico,logos/castsoftware.it_0b46f3e8.png,
https://toyotatokullar.com.tr,https://toyotatokullar.com.tr/favicon.ico,logos/toyotatokullar.com.tr_9fefd624.png,
https://wwf.or.th,https://wwf.or.th/favicon.ico,logos/wwf.or.th_06a94317.png,
https://pilotpen.co.th,https://pilotpen.co.th/favicon.ico,logos/pilotpen.co.th_a0e85dd6.png,
https://veoliawatertechnologies.de,https://veoliawatertechnologies.de/favicon.ico,logos/veoliawatertechnologies.de_62f968b1.png,
https://aamcomesacountryclub.com,https://aamcomesacountryclub.com/favicon.ico,logos/aamcomesacountryclub.com_0f92a67b.png,
https://crif.cz,https://crif.cz/favicon.ico,logos/crif.cz_5ad080d2.svg,
https://aamcoelpaso-east.com,https://aamcoelpaso-east.com/favicon.ico,logos/aamcoelpaso-east.com_986dc631.jpg,
https://synlab.de,https://synlab.de/favicon.ico,logos/synlab.de_ef5ce030.ico,
https://linde-gas.com,https://assets.linde.com/-/media/celum-connect/2023/10/11/16/40/adobestock297402390lindeleunagermanyimg2089249brfinsrgb180756.png?impolicy=focal-point&cw=1200&ch=630&fx=1022&fy=752&r=90024463d9,logos/linde-gas.com_67fc549d.ico,
https://aamcomorristown.com,https://aamcomorristown.com/favicon.ico,logos/aamcomorristown.com_c1cdd94b.jpg,
https://toyota-s.co.il,https://toyota-s.co.il/favicon.ico,logos/toyota-s.co.il_61f54420.jpg,
https://snapologyfranchising.com,https://snapologyfranchising.com/favicon.ico,logos/snapologyfranchising.com_51e982b5.jpg,
https://pepsico.sa,,,no_logo_found
https://modshair-braunschweig.de,https://modshair-braunschweig.de/favicon.ico,logos/modshair-braunschweig.de_3bf2a200.jpg,
https://bbraun.co,https://bbraun.co/favicon.ico,logos/bbraun.co_d6f80dec.png,
https://ikea.co.id,https://ikea.co.id/favicon.ico,logos/ikea.co.id_57e4ea18.ico,
https://mazda.al,https://mazda.al/favicon.ico,logos/mazda.al_118046d9.ico,
https://flashbay.no,https://flashbay.no/favicon.ico,logos/flashbay.no_fb087b72.ico,
https://linde.bo,https://linde.bo/favicon.ico,logos/linde.bo_67fc549d.ico,
https://alten-consulting.de,https://alten-consulting.de/favicon.ico,logos/alten-consulting.de_6a3de9cf.jpg,
https://santillana.com.sv,https://santillana.com.sv/favicon.ico,logos/santillana.com.sv_e20008e0.png,
https://notairespirletboinet.be,https://notairespirletboinet.be/favicon.ico,logos/notairespirletboinet.be_cd9f304c.ico,
https://bakertilly.se,https://bakertilly.se/favicon.ico,logos/bakertilly.se_d3d74994.svg,
https://netterden.com,https://netterden.com/favicon.ico,logos/netterden.com_295d6722.svg,
https://meyersound.de,https://meyersound.de/favicon.ico,logos/meyersound.de_c68cb85f.ico,
https://landermitsubishi.com.au,https://landermitsubishi.com.au/apple-touch-icon.png,logos/landermitsubishi.com.au_76eba690.png,
https://benu.lv,https://benu.lv/application/images/favicons/favicon.ico,logos/benu.lv_37d7e9d9.png,
https://hollandandbarrett.com.mt,https://hollandandbarrett.com.mt/favicon.ico,logos/hollandandbarrett.com.mt_543d46f1.svg,
https://bakertilly.cl,https://bakertilly.cl/favicon.ico,logos/bakertilly.cl_aa5ab5d0.jpg,
https://anderson-negele-gmbh.ru,https://anderson-negele-gmbh.ru/favicon.ico,logos/anderson-negele-gmbh.ru_fa212c0c.jpg,
https://aamcowestpalmbeach.com,https://aamcowestpalmbeach.com/favicon.ico,logos/aamcowestpalmbeach.com_6dc4950e.jpg,
https://aamco-taylorsvilleut.com,https://aamco-taylorsvilleut.com/favicon.ico,logos/aamco-taylorsvilleut.com_6dc4950e.jpg,
https://entergy-neworleans.com,https://entergy-neworleans.com/favicon.ico,logos/entergy-neworleans.com_5e8e29dd.png,
https://mazda-autohaus-kramer-kirchberg.de,https://mazda-autohaus-kramer-kirchberg.de/favicon.ico,logos/mazda-autohaus-kramer-kirchberg.de_e30ad08e.png,
https://metlife.cl,https://metlife.cl/favicon.ico,logos/metlife.cl_f0398ff1.png,
https://esseskincare.no,https://esseskincare.no/favicon.ico,logos/esseskincare.no_163ed49d.svg,
https://chauffeurstelefoon.nl,https://chauffeurstelefoon.nl/favicon.ico,logos/chauffeurstelefoon.nl_5a7243b0.ico,
https://aamcotempe.com,https://aamcotempe.com/favicon.ico,logos/aamcotempe.com_6dc4950e.jpg,
https://hofmann-personal.cz,https://hofmann-personal.cz/favicon.ico,logos/hofmann-personal.cz_f0522c65.png,
https://europa-union-thueringen.de,https://europa-union-thueringen.de/favicon.ico,logos/europa-union-thueringen.de_83fe87a6.ico,
https://aamcoathensga.com,https://aamcoathensga.com/favicon.ico,logos/aamcoathensga.com_6dc4950e.jpg,
https://nissantireadvantage.com,https://nissantireadvantage.com/favicon.ico,logos/nissantireadvantage.com_a6574e34.ico,
https://nexi.hr,https://nexi.hr/favicon.ico,logos/nexi.hr_1d8edcec.ico,
https://orange.cm,https://orange.cm/favicon.ico,logos/orange.cm_b23c6023.png,
https://glintinc.com,https://glintinc.com/favicon.ico,logos/glintinc.com_776936d8.png,
https://murrelektronik.fi,https://murrelektronik.fi/favicon.ico,logos/murrelektronik.fi_899a0e99.png,
https://hertz-autopozicovna.sk,https://hertz-autopozicovna.sk/favicon.ico,logos/hertz-autopozicovna.sk_624fbf23.png,
https://linde-healthcare.nl,https://linde-healthcare.nl/favicon.ico,logos/linde-healthcare.nl_b0406e22.svg,
https://axa-assistance.pl,https://axa-assistance.pl/favicon.ico,logos/axa-assistance.pl_c7981d11.svg,
https://veolia.com.gh,https://veolia.com.gh/favicon.ico,logos/veolia.com.gh_62f968b1.png,
https://mazda-autohaus-w-k-kamen.de,https://mazda-autohaus-w-k-kamen.de/favicon.ico,logos/mazda-autohaus-w-k-kamen.de_e30ad08e.png,
https://aamcosantarosa.com,https://aamcosantarosa.com/favicon.ico,logos/aamcosantarosa.com_6dc4950e.jpg,
https://mazda-autohaus-tietje-holmb-wedel.de,https://mazda-autohaus-tietje-holmb-wedel.de/favicon.ico,logos/mazda-autohaus-tietje-holmb-wedel.de_e30ad08e.png,
https://toyota-bornholm.dk,https://toyota-bornholm.dk/favicon.ico,logos/toyota-bornholm.dk_59db13df.ico,
https://wheystore.vn,https://wheystore.vn/favicon.ico,logos/wheystore.vn_bd3b3fff.svg,
https://metlife.com.au,https://metlife.com.au/favicon.ico,logos/metlife.com.au_733d0d22.jpg,
https://culliganmichigan.com,https://culliganmichigan.com/favicon.ico,logos/culliganmichigan.com_52691706.ico,
https://baywa-re.pl,https://baywa-re.pl/favicon.ico,logos/baywa-re.pl_9a1ae580.svg,
https://bakertilly.it,https://bakertilly.it/favicon.ico,logos/bakertilly.it_205e07ae.png,
https://einhell.ch,https://einhell.ch/favicon.ico,logos/einhell.ch_52486a32.jpg,
https://shahshalalfood.com,https://shahshalalfood.com/favicon.ico,logos/shahshalalfood.com_b5e7fa1e.png,
https://toyotamici.com.tr,https://toyotamici.com.tr/favicon.ico,logos/toyotamici.com.tr_9fefd624.png,
https://daikin.ch,https://daikin.ch/favicon.ico,logos/daikin.ch_10e492bd.png,
https://bbraun.pt,https://bbraun.pt/favicon.ico,logos/bbraun.pt_54ec620c.ico,
https://fmlogistic.pl,https://fmlogistic.pl/favicon.ico,logos/fmlogistic.pl_7a94a257.png,
https://mazda-autohaus-engelbart-delmenhorst.de,https://mazda-autohaus-engelbart-delmenhorst.de/favicon.ico,logos/mazda-autohaus-engelbart-delmenhorst.de_d690d09f.svg,
https://actemium.us,https://actemium.us/favicon.ico,logos/actemium.us_e03b57f7.jpg,
https://aamconewwindsor.com,https://aamconewwindsor.com/favicon.ico,logos/aamconewwindsor.com_c89c91b6.jpg,
https://wwf.es,https://wwf.es/favicon.ico,logos/wwf.es_98d10366.png,
https://bosch-homecomfort.com,https://bosch-homecomfort.com/favicon.ico,logos/bosch-homecomfort.com_16741302.ico,
https://pkf.sk,https://pkf.sk/favicon.ico,logos/pkf.sk_c82e0418.png,
https://veoliawatertech.com,https://veoliawatertech.com/favicon.ico,logos/veoliawatertech.com_3289dc07.webp,
https://aamcosignalhill.com,https://aamcosignalhill.com/favicon.ico,logos/aamcosignalhill.com_6dc4950e.jpg,
https://linexswfl.com,https://linexswfl.com/favicon.ico,logos/linexswfl.com_dd0ed871.png,
https://aamcowoodbridgeva.com,https://aamcowoodbridgeva.com/favicon.ico,logos/aamcowoodbridgeva.com_6dc4950e.jpg,
https://culliganwatercorrections.com,https://culliganwatercorrections.com/favicon.ico,logos/culliganwatercorrections.com_b168f68d.png,
https://aamcokcnorth.com,https://aamcokcnorth.com/favicon.ico,logos/aamcokcnorth.com_6dc4950e.jpg,
https://mazda-autohaus-gruendel-doerth.de,https://mazda-autohaus-gruendel-doerth.de/favicon.ico,logos/mazda-autohaus-gruendel-doerth.de_e30ad08e.png,
https://sixty8.ro,https://sixty8.ro/favicon.ico,logos/sixty8.ro_14f79ae5.svg,
https://papajohnsquebec.ca,https://papajohnsquebec.ca/favicon.ico,logos/papajohnsquebec.ca_32cf893b.png,
https://minisocr.com,https://minisocr.com/favicon.ico,logos/minisocr.com_1c8f8a27.png,
https://nobleprog.es,https://nobleprog.es/favicon.ico,logos/nobleprog.es_4bb2f369.ico,
https://daikineastafrica.com,https://daikineastafrica.com/favicon.ico,logos/daikineastafrica.com_14d427db.png,
https://culliganchampaign.com,https://culliganchampaign.com/favicon.ico,logos/culliganchampaign.com_4e3f620a.png,
https://kia-kurt-recklinghausen.de,https://kia-kurt-recklinghausen.de/favicon.ico,logos/kia-kurt-recklinghausen.de_3adb77e9.svg,
https://toyotaelpa.com.tr,https://toyotaelpa.com.tr/favicon.ico,logos/toyotaelpa.com.tr_9fefd624.png,
https://crocs.pl,https://crocs.pl/apple-touch-icon.png,logos/crocs.pl_63a045da.svg,
https://daikin.rs,https://daikin.rs/favicon.ico,logos/daikin.rs_8e81404c.png,
https://mazda.si,https://mazda.si/favicon.ico,logos/mazda.si_cba416e9.ico,
https://mazda-autohaus-trumpf-wimmelburg.de,https://mazda-autohaus-trumpf-wimmelburg.de/favicon.ico,logos/mazda-autohaus-trumpf-wimmelburg.de_e30ad08e.png,
https://dennert.pl,https://dennert.pl/favicon.ico,logos/dennert.pl_8eb6e641.ico,
https://veolia.sk,https://veolia.sk/favicon.ico,logos/veolia.sk_62f968b1.png,
https://nobleprog.com.eg,https://nobleprog.com.eg/favicon.ico,logos/nobleprog.com.eg_4bb2f369.ico,
https://mazda-autohaus-wedding-engelskirchen-albertsth.de,https://mazda-autohaus-wedding-engelskirchen-albertsth.de/favicon.ico,logos/mazda-autohaus-wedding-engelskirchen-albertsth.de_e30ad08e.png,
https://ardex.de,https://ardex.de/favicon.ico,logos/ardex.de_f3bc4582.ico,
https://ebay.com.hk,https://ebay.com.hk/favicon.ico,logos/ebay.com.hk_ed34981b.png,
https://mercyships.de,https://mercyships.de/favicon.ico,logos/mercyships.de_a04c64dc.png,
https://pilotpen.co.uk,https://pilotpen.co.uk/favicon.ico,logos/pilotpen.co.uk_021bd22f.png,
https://aamconorthtampa.com,https://aamconorthtampa.com/favicon.ico,logos/aamconorthtampa.com_1bfc5dc0.svg,
https://hansa-flex.at,https://hansa-flex.at/apple-touch-icon.png,logos/hansa-flex.at_520381b3.png,
https://murrelektronik.se,https://murrelektronik.se/favicon.ico,logos/murrelektronik.se_74319777.png,
https://aamconewportnews.com,https://aamconewportnews.com/favicon.ico,logos/aamconewportnews.com_6dc4950e.jpg,
https://aamcophilly-frankfordave.com,https://aamcophilly-frankfordave.com/favicon.ico,logos/aamcophilly-frankfordave.com_6bab0422.jpg,
https://amnesty.hu,https://amnesty.hu/favicon.ico,logos/amnesty.hu_db4c117c.jpg,
https://europa-union-bremen.de,https://europa-union-bremen.de/favicon.ico,logos/europa-union-bremen.de_83fe87a6.ico,
https://intersport-risoul.com,https://intersport-risoul.com/favicon.ico,logos/intersport-risoul.com_babbb9e7.jpg,
https://aamcopennsaukennj.com,https://aamcopennsaukennj.com/favicon.ico,logos/aamcopennsaukennj.com_6bab0422.jpg,
https://mazda-autohaus-tillack-perleberg.de,https://mazda-autohaus-tillack-perleberg.de/favicon.ico,logos/mazda-autohaus-tillack-perleberg.de_e30ad08e.png,
https://mazda-autohaus-suedring-datteln.de,https://mazda-autohaus-suedring-datteln.de/favicon.ico,logos/mazda-autohaus-suedring-datteln.de_e30ad08e.png,
https://mazda-autohaus-misch-uebach-palenberg.de,https://mazda-autohaus-misch-uebach-palenberg.de/favicon.ico,logos/mazda-autohaus-misch-uebach-palenberg.de_e30ad08e.png,
https://mazda-autohaus-lohmann-kreuztal.de,https://mazda-autohaus-lohmann-kreuztal.de/favicon.ico,logos/mazda-autohaus-lohmann-kreuztal.de_e30ad08e.png,
https://budget.co.ao,https://budget.co.ao/favicon.ico,logos/budget.co.ao_da931e05.jpg,
https://kia-penning-zetelneuenburg.de,https://kia-penning-zetelneuenburg.de/favicon.ico,logos/kia-penning-zetelneuenburg.de_938845ac.jpg,
https://wurth.com.mk,https://wurth.com.mk/favicon.ico,logos/wurth.com.mk_0ade51a2.png,
https://renault-materom.ro,https://renault-materom.ro/favicon.ico,logos/renault-materom.ro_ef128cf4.png,
https://ebay.fr,https://ebay.fr/favicon.ico,logos/ebay.fr_adb7eb7d.ico,
https://vbh.hr,https://vbh.hr/favicon.ico,logos/vbh.hr_cd67af2c.ico,
https://murrelektronik.uk,https://murrelektronik.uk/favicon.ico,logos/murrelektronik.uk_899a0e99.png,
https://bakertilly.mt,https://bakertilly.mt/favicon.ico,logos/bakertilly.mt_a7bb4ca2.svg,
https://aamcotigard.com,https://aamcotigard.com/favicon.ico,logos/aamcotigard.com_6dc4950e.jpg,
https://rubiomonocoatusa.com,https://rubiomonocoatusa.com/favicon.ico,logos/rubiomonocoatusa.com_16e08d8e.png,
https://stampinup.ca,https://stampinup.ca/favicon.ico,logos/stampinup.ca_7118de55.ico,
https://besins-healthcare.com.mx,https://besins-healthcare.com.mx/apple-touch-icon.png,logos/besins-healthcare.com.mx_d8cbeed2.svg,
https://whirlpool.com.hk,https://whirlpool.com.hk/favicon.ico,logos/whirlpool.com.hk_17556e28.png,
https://linde-gas.no,https://linde-gas.no/favicon.ico,logos/linde-gas.no_a1e58f4c.jpg,
https://virtual-reality.school,https://virtual-reality.school/favicon.ico,logos/virtual-reality.school_094b54c4.png,
https://europa-union-niedersachsen.de,https://europa-union-niedersachsen.de/favicon.ico,logos/europa-union-niedersachsen.de_59cd5b26.jpg,
https://airbnb.co.in,https://airbnb.co.in/favicon.ico,logos/airbnb.co.in_468e05d1.png,
https://intersport.hu,https://intersport.hu/favicon.ico,logos/intersport.hu_ffe6709c.svg,
https://culliganwt.com,https://culliganwt.com/favicon.ico,logos/culliganwt.com_2d81c856.png,
https://culliganregina.com,https://culliganregina.com/favicon.ico,logos/culliganregina.com_2d81c856.png,
https://myfamily.ca,https://myfamily.ca/favicon.ico,logos/myfamily.ca_4e7a02ed.jpg,
https://carglass.dk,https://carglass.dk/favicon.ico,logos/carglass.dk_7bd8d4e2.svg,
https://vkf-renzel.fr,https://vkf-renzel.fr/favicon.ico,logos/vkf-renzel.fr_a6e6897b.png,
https://aamcoseattlewa.com,https://aamcoseattlewa.com/favicon.ico,logos/aamcoseattlewa.com_6dc4950e.jpg,
https://kia-koenig-teltow.de,https://kia-koenig-teltow.de/favicon.ico,logos/kia-koenig-teltow.de_3adb77e9.svg,
https://actemium.sk,https://actemium.sk/favicon.ico,logos/actemium.sk_9724a650.png,
https://enterpriserentacar.pl,https://enterpriserentacar.pl/favicon.ico,logos/enterpriserentacar.pl_4902441e.png,
https://toyotasamlioglu.com.tr,https://toyotasamlioglu.com.tr/favicon.ico,logos/toyotasamlioglu.com.tr_9fefd624.png,
https://vans.com.au,https://vans.com.au/favicon.ico,logos/vans.com.au_b82c0807.ico,
https://isover.cz,https://isover.cz/favicon.ico,logos/isover.cz_19b16c37.png,
https://sprachcaffe-muenchen.com,https://sprachcaffe-muenchen.com/favicon.ico,logos/sprachcaffe-muenchen.com_37e9295d.jpg,
https://metlife.com.cy,https://metlife.com.cy/favicon.ico,logos/metlife.com.cy_cf493f61.ico,
https://daikinqatar.com,https://daikinqatar.com/favicon.ico,logos/daikinqatar.com_1ea1188c.jpg,
https://kuestarubber.com,https://kuestarubber.com/favicon.ico,logos/kuestarubber.com_fb876f8e.png,
https://gs1.at,https://gs1.at/favicon.ico,logos/gs1.at_22a1d604.svg,
https://mazda-automobile-maier-cham.de,https://mazda-automobile-maier-cham.de/favicon.ico,logos/mazda-automobile-maier-cham.de_d690d09f.svg,
https://aamcoastoria.com,https://aamcoastoria.com/favicon.ico,logos/aamcoastoria.com_6dc4950e.jpg,
https://murrelektronik.es,https://murrelektronik.es/favicon.ico,logos/murrelektronik.es_74319777.png,
https://mapfre.com.sv,https://mapfre.com.sv/favicon.ico,logos/mapfre.com.sv_5fbfbaf6.png,
https://plastoplan.rs,https://plastoplan.rs/favicon.ico,logos/plastoplan.rs_d26c8588.png,
https://albatroslogistic.ma,https://albatroslogistic.ma/favicon.ico,logos/albatroslogistic.ma_5b8aa4a6.png,
https://dulux.ie,https://dulux.ie/favicon.ico,logos/dulux.ie_edf03efa.png,
https://kia-vogt-finningen.de,https://kia-vogt-finningen.de/favicon.ico,logos/kia-vogt-finningen.de_938845ac.jpg,
https://toyota-indus.com,https://toyota-indus.com/favicon.ico,logos/toyota-indus.com_8f50058d.png,
https://boschtools.com,https://boschtools.com/favicon.ico,logos/boschtools.com_570b01c1.png,
https://savethechildren.org.ph,https://savethechildren.org.ph/favicon.ico,logos/savethechildren.org.ph_1b99b645.png,
https://aiesec.ba,https://aiesec.ba/favicon.ico,logos/aiesec.ba_76aced50.png,
https://kiacadca.sk,https://kiacadca.sk/favicon.ico,logos/kiacadca.sk_cae5c456.png,
https://deheus.pl,https://deheus.pl/favicon.ico,logos/deheus.pl_ff028349.jpg,
https://culligansouthwest.com,https://culligansouthwest.com/favicon.ico,logos/culligansouthwest.com_f500f77b.png,
https://goliathgames.com,https://goliathgames.com/favicon.ico,logos/goliathgames.com_debfeef2.png,
https://ebay.pl,https://ebay.pl/favicon.ico,logos/ebay.pl_adb7eb7d.ico,
https://cuponesybeneficios.com.co,https://cuponesybeneficios.com.co/favicon.ico,logos/cuponesybeneficios.com.co_1bc08784.png,
https://bioderma.ec,https://bioderma.ec/favicon.ico,logos/bioderma.ec_8e31087a.svg,
https://carlsjr.com.my,https://carlsjr.com.my/favicon.ico,logos/carlsjr.com.my_1373f67a.png,
https://reedglobal.sg,https://reedglobal.sg/favicon.ico,logos/reedglobal.sg_6548de14.png,
https://nobleprog.ae,https://nobleprog.ae/favicon.ico,logos/nobleprog.ae_3f986909.svg,
https://aamcosouthloopautorepair.com,https://aamcosouthloopautorepair.com/favicon.ico,logos/aamcosouthloopautorepair.com_6dc4950e.jpg,
https://remax-buchholz.de,https://remax-buchholz.de/favicon.ico,logos/remax-buchholz.de_6691d0e0.ico,
https://culliganmidmichigan.com,https://culliganmidmichigan.com/favicon.ico,logos/culliganmidmichigan.com_cec809c8.png,
https://meggle-cheese.com,https://meggle-cheese.com/favicon.ico,logos/meggle-cheese.com_400fc754.png,
https://mazda-autohaus-hamester-hamburg-bergedorf.de,https://mazda-autohaus-hamester-hamburg-bergedorf.de/favicon.ico,logos/mazda-autohaus-hamester-hamburg-bergedorf.de_e30ad08e.png,
https://mazda-autohaus-bolluck-goslar.de,https://mazda-autohaus-bolluck-goslar.de/favicon.ico,logos/mazda-autohaus-bolluck-goslar.de_e30ad08e.png,
https://mazda-autohaus-ruettiger-wallduern.de,https://mazda-autohaus-ruettiger-wallduern.de/favicon.ico,logos/mazda-autohaus-ruettiger-wallduern.de_e30ad08e.png,
https://pirtek.de,https://pirtek.de/favicon.ico,logos/pirtek.de_54bcc34c.png,
https://bonprix.fi,https://bonprix.fi/favicon.ico,logos/bonprix.fi_cfa9487b.png,
https://toyotayoruk.com.tr,https://toyotayoruk.com.tr/favicon.ico,logos/toyotayoruk.com.tr_9fefd624.png,
https://lidl-immobilien.de,,,no_logo_found
https://remax-pinneberg.de,https://remax-pinneberg.de/favicon.ico,logos/remax-pinneberg.de_6691d0e0.ico,
https://intersport.ch,https://intersport.ch/favicon.ico,logos/intersport.ch_33016623.png,
https://toyota.com.kh,https://toyota.com.kh/favicon.ico,logos/toyota.com.kh_b299f3c0.jpg,
https://synergiejobs.at,https://synergiejobs.at/favicon.ico,logos/synergiejobs.at_927354d9.png,
https://honda-villebon.com,https://honda-villebon.com/apple-touch-icon.png,logos/honda-villebon.com_5ac024fa.png,
https://melgarcases.com,https://melgarcases.com/favicon.ico,logos/melgarcases.com_e0343064.jpg,
https://eurochem-na.com,https://eurochem-na.com/favicon.ico,logos/eurochem-na.com_93c38843.png,
https://linde-gas.es,https://linde-gas.es/favicon.ico,logos/linde-gas.es_b0406e22.svg,
https://toyotaefe.com.tr,https://toyotaefe.com.tr/favicon.ico,logos/toyotaefe.com.tr_9fefd624.png,
https://dopplerumbrellas.com.au,https://dopplerumbrellas.com.au/favicon.ico,logos/dopplerumbrellas.com.au_c1655680.png,
https://job-impulse.es,https://job-impulse.es/favicon.ico,logos/job-impulse.es_e8142b7b.png,
https://mazdaofpoughkeepsie.com,,,no_logo_found
https://experian.co.nz,,,no_logo_found
https://kia-daehn-goeritz.de,https://kia-daehn-goeritz.de/favicon.ico,logos/kia-daehn-goeritz.de_3adb77e9.svg,
https://mateco.mx,https://mateco.mx/favicon.ico,logos/mateco.mx_71628c16.ico,
https://aamcoalbuquerque.com,https://aamcoalbuquerque.com/favicon.ico,logos/aamcoalbuquerque.com_6dc4950e.jpg,
https://skssweden.se,https://skssweden.se/favicon.ico,logos/skssweden.se_b9b1ea08.gif,
https://aamcocentraltampa.com,https://aamcocentraltampa.com/favicon.ico,logos/aamcocentraltampa.com_148848c0.jpg,
https://bbraun.lv,https://bbraun.lv/favicon.ico,logos/bbraun.lv_b791cb34.jpg,
https://veolia.cz,https://veolia.cz/favicon.ico,logos/veolia.cz_01bd1ace.ico,
https://ovb.at,https://ovb.at/favicon.ico,logos/ovb.at_a8822785.ico,
https://culliganlacrosse.com,https://culliganlacrosse.com/favicon.ico,logos/culliganlacrosse.com_4e3f620a.png,
https://culliganromeo.com,https://culliganromeo.com/favicon.ico,logos/culliganromeo.com_52691706.ico,
https://aamcotwinfalls.com,https://aamcotwinfalls.com/favicon.ico,logos/aamcotwinfalls.com_6dc4950e.jpg,
https://toyotaparmaksizlar.com.tr,https://toyotaparmaksizlar.com.tr/favicon.ico,logos/toyotaparmaksizlar.com.tr_9fefd624.png,
https://toyotayatumugla.com.tr,https://toyotayatumugla.com.tr/favicon.ico,logos/toyotayatumugla.com.tr_9fefd624.png,
https://komoder.com,https://komoder.com/favicon.ico,logos/komoder.com_d35611ac.ico,
https://aamcostatenisland.com,https://aamcostatenisland.com/favicon.ico,logos/aamcostatenisland.com_c24c373a.jpg,
https://mazda-autohaus-wagner-dortmund.de,https://mazda-autohaus-wagner-dortmund.de/favicon.ico,logos/mazda-autohaus-wagner-dortmund.de_04697932.ico,
https://culliganmarlette.com,https://culliganmarlette.com/favicon.ico,logos/culliganmarlette.com_f19961c6.svg,
https://avia-ramonville.fr,https://avia-ramonville.fr/favicon.ico,logos/avia-ramonville.fr_bee23bfe.jpg,
https://murrelektronik.in,https://murrelektronik.in/favicon.ico,logos/murrelektronik.in_1f4afdc0.png,
https://aamcobearde.com,https://aamcobearde.com/favicon.ico,logos/aamcobearde.com_6bab0422.jpg,
https://honda-melun.com,https://honda-melun.com/apple-touch-icon.png,logos/honda-melun.com_4cc78122.png,
https://funiber.ml,https://funiber.ml/favicon.ico,logos/funiber.ml_df396a15.svg,
https://bakertilly.com.kh,https://bakertilly.com.kh/favicon.ico,logos/bakertilly.com.kh_d5ed1cfb.png,
https://greatplacetowork.be,https://greatplacetowork.be/favicon.ico,logos/greatplacetowork.be_3039241f.svg,
https://bakertilly.no,https://bakertilly.no/favicon.ico,logos/bakertilly.no_80f34176.png,
https://allianzgloballife.com,https://allianzgloballife.com/favicon.ico,logos/allianzgloballife.com_4042c8da.svg,
https://bauder.nl,https://bauder.nl/favicon.ico,logos/bauder.nl_210f2277.png,
https://cfmotoqueretaro.com,https://cfmotoqueretaro.com/favicon.ico,logos/cfmotoqueretaro.com_1a6fdee2.webp,
https://sitech-ohio.com,https://sitech-ohio.com/favicon.ico,logos/sitech-ohio.com_6de4f36f.png,
https://thelab.id,https://thelab.id/favicon.ico,logos/thelab.id_2fe9f42b.jpg,
https://mazda.gr,https://mazda.gr/favicon.ico,logos/mazda.gr_118046d9.ico,
https://mazda.bg,https://mazda.bg/favicon.ico,logos/mazda.bg_118046d9.ico,
https://mazda-autohaus-eisele-langenau.de,https://mazda-autohaus-eisele-langenau.de/favicon.ico,logos/mazda-autohaus-eisele-langenau.de_d690d09f.svg,
https://mazda-autohaus-berlenbach-bergischgladbach.de,https://mazda-autohaus-berlenbach-bergischgladbach.de/favicon.ico,logos/mazda-autohaus-berlenbach-bergischgladbach.de_e30ad08e.png,
https://yves-rocher.it,https://yves-rocher.it/favicon.ico,logos/yves-rocher.it_a7583034.ico,
https://vkf-renzel.bg,https://vkf-renzel.bg/favicon.ico,logos/vkf-renzel.bg_dc35b603.jpg,
https://stoitalia.it,https://stoitalia.it/favicon.ico,logos/stoitalia.it_720557da.png,
https://stawag-energie.de,https://stawag-energie.de/favicon.ico,logos/stawag-energie.de_580c2d37.ico,
https://softland.com.mx,https://softland.com.mx/favicon.ico,logos/softland.com.mx_f6dff18a.png,
https://culliganwaterbillings.com,https://culliganwaterbillings.com/favicon.ico,logos/culliganwaterbillings.com_cec809c8.png,
https://kia-schmid-hoehenkirchen.de,https://kia-schmid-hoehenkirchen.de/favicon.ico,logos/kia-schmid-hoehenkirchen.de_938845ac.jpg,
https://daikinbahrain.com,https://daikinbahrain.com/favicon.ico,logos/daikinbahrain.com_8e81404c.png,
https://holidayland-friedrichshafen.de,https://holidayland-friedrichshafen.de/favicon.ico,logos/holidayland-friedrichshafen.de_05c461c9.png,
https://bbraun.hr,https://bbraun.hr/favicon.ico,logos/bbraun.hr_b791cb34.jpg,
https://kentmaster.nz,https://kentmaster.nz/favicon.ico,logos/kentmaster.nz_26bed96f.ico,
https://bbraun.co.kr,https://bbraun.co.kr/favicon.ico,logos/bbraun.co.kr_a9c50be8.jpg,
https://novonordisk.my,https://novonordisk.my/favicon.ico,logos/novonordisk.my_594f5bc5.jpg,
https://daikinmea.com,https://daikinmea.com/apple-touch-icon-precomposed.png,logos/daikinmea.com_8e81404c.png,
https://aamcocorvallisor.com,https://aamcocorvallisor.com/favicon.ico,logos/aamcocorvallisor.com_6dc4950e.jpg,
https://victorsport.com.tw,https://victorsport.com.tw/favicon.ico,logos/victorsport.com.tw_e73dcbd5.svg,
https://duracleanmaine.com,https://duracleanmaine.com/favicon.ico,logos/duracleanmaine.com_df8f15fd.jpg,
https://aamco-chesapeakeva.com,https://aamco-chesapeakeva.com/favicon.ico,logos/aamco-chesapeakeva.com_6dc4950e.jpg,
https://bonprix.se,https://bonprix.se/favicon.ico,logos/bonprix.se_58f560b8.png,
https://daikindevice.cz,https://daikindevice.cz/apple-touch-icon.png,logos/daikindevice.cz_5868b553.svg,
https://lamborghini-berlin.com,https://lamborghini-berlin.com/favicon.ico,logos/lamborghini-berlin.com_2fd8e28f.png,
https://mazda-autohaus-witthoeft-bad-oldesloe.de,https://mazda-autohaus-witthoeft-bad-oldesloe.de/favicon.ico,logos/mazda-autohaus-witthoeft-bad-oldesloe.de_e30ad08e.png,
https://whirlpool.com.sg,https://whirlpool.com.sg/favicon.ico,logos/whirlpool.com.sg_cea78b80.ico,
https://culliganbrighton.com,https://culliganbrighton.com/favicon.ico,logos/culliganbrighton.com_b7a9010d.png,
https://linde-medica.es,https://linde-medica.es/favicon.ico,logos/linde-medica.es_b64d3632.png,
https://stocanada.com,https://stocanada.com/favicon.ico,logos/stocanada.com_aa9f04e3.png,
https://mapfre.com.py,https://mapfre.com.py/favicon.ico,logos/mapfre.com.py_5fbfbaf6.png,
https://mazda-autohaus-roeser-grossmaischeid.de,https://mazda-autohaus-roeser-grossmaischeid.de/favicon.ico,logos/mazda-autohaus-roeser-grossmaischeid.de_e30ad08e.png,
https://daikinchemicals.com,https://daikinchemicals.com/favicon.ico,logos/daikinchemicals.com_8fbd64f7.png,
https://fmlogistic.com.br,https://fmlogistic.com.br/favicon.ico,logos/fmlogistic.com.br_15c94226.png,
https://menicon.nl,https://menicon.nl/favicon.ico,logos/menicon.nl_811cc1f4.png,
https://chicco.fr,https://chicco.fr/favicon.ico,logos/chicco.fr_02901753.png,
https://specialolympics.com.au,https://specialolympics.com.au/favicon.ico,logos/specialolympics.com.au_fa93607f.png,
https://wolterskluwer.dk,https://wolterskluwer.dk/favicon.ico,logos/wolterskluwer.dk_fade5696.svg,
https://kia-fischer-cottbus.de,https://kia-fischer-cottbus.de/favicon.ico,logos/kia-fischer-cottbus.de_3adb77e9.svg,
https://mediqdirekt.de,https://mediqdirekt.de/favicon.ico,logos/mediqdirekt.de_9a3873f5.png,
https://aamcophoenixnortheast.com,https://aamcophoenixnortheast.com/favicon.ico,logos/aamcophoenixnortheast.com_6dc4950e.jpg,
https://anotherbrokeneggfranchise.com,https://anotherbrokeneggfranchise.com/favicon.ico,logos/anotherbrokeneggfranchise.com_0b854ca1.ico,
https://cdvi.de,https://cdvi.de/favicon.ico,logos/cdvi.de_7b42a614.svg,
https://vectorinfotech.my,https://vectorinfotech.my/favicon.ico,logos/vectorinfotech.my_81bc4d1f.png,
https://wolterskluwer.com.my,https://wolterskluwer.com.my/favicon.ico,logos/wolterskluwer.com.my_67a6a7fe.svg,
https://aamcooaklandca.com,https://aamcooaklandca.com/favicon.ico,logos/aamcooaklandca.com_6dc4950e.jpg,
https://culliganricelake.com,https://culliganricelake.com/favicon.ico,logos/culliganricelake.com_cec809c8.png,
https://renault-tessenderlo.be,https://renault-tessenderlo.be/favicon.ico,logos/renault-tessenderlo.be_6c715d36.svg,
https://stosignature.com,https://stosignature.com/favicon.ico,logos/stosignature.com_b750a18c.png,
https://mazda-autohaus-klein-bietigheim-bissingen.de,https://mazda-autohaus-klein-bietigheim-bissingen.de/favicon.ico,logos/mazda-autohaus-klein-bietigheim-bissingen.de_e30ad08e.png,
https://spitex-buchs.ch,https://spitex-buchs.ch/favicon.ico,logos/spitex-buchs.ch_f487dbe3.svg,
https://equans.cz,https://equans.cz/favicon.ico,logos/equans.cz_c6290eac.png,
https://aamcopembroke.com,https://aamcopembroke.com/favicon.ico,logos/aamcopembroke.com_6dc4950e.jpg,
https://chicco.com.ph,https://chicco.com.ph/favicon.ico,logos/chicco.com.ph_7070fc31.svg,
https://mitsubishi-motors.qa,https://mitsubishi-motors.qa/favicon.ico,logos/mitsubishi-motors.qa_01985545.ico,
https://gulfoilltd.com,https://gulfoilltd.com/favicon.ico,logos/gulfoilltd.com_60ba702f.webp,
https://aamcooklahomacity-edmond.com,https://aamcooklahomacity-edmond.com/favicon.ico,logos/aamcooklahomacity-edmond.com_6dc4950e.jpg,
https://culliganmarion.com,https://culliganmarion.com/favicon.ico,logos/culliganmarion.com_f19961c6.svg,
https://pkf.ch,https://pkf.ch/favicon.ico,logos/pkf.ch_7cc01690.webp,
https://faesfarma.com.co,https://faesfarma.com.co/favicon.ico,logos/faesfarma.com.co_16dff8db.svg,
https://culligancountry.com,https://culligancountry.com/favicon.ico,logos/culligancountry.com_7437becd.svg,
https://adra.pl,https://adra.pl/favicon.ico,logos/adra.pl_8488151b.ico,
https://toyotatoyan.com.tr,https://toyotatoyan.com.tr/favicon.ico,logos/toyotatoyan.com.tr_9fefd624.png,
https://autosecuritas-passins.fr,https://autosecuritas-passins.fr/favicon.ico,logos/autosecuritas-passins.fr_e5cb1e33.ico,
https://aamcobaltimore-pulaskihwy.com,https://aamcobaltimore-pulaskihwy.com/favicon.ico,logos/aamcobaltimore-pulaskihwy.com_6dc4950e.jpg,
https://educab.com.au,https://educab.com.au/apple-touch-icon.png,logos/educab.com.au_a9b49eae.png,
https://hometowninsurance.us,https://hometowninsurance.us/favicon.ico,logos/hometowninsurance.us_d04c4b0d.png,
https://kia-kroppen-herten.de,https://kia-kroppen-herten.de/favicon.ico,logos/kia-kroppen-herten.de_938845ac.jpg,
https://mazda-autohaus-bayer-goessweinstein.de,https://mazda-autohaus-bayer-goessweinstein.de/favicon.ico,logos/mazda-autohaus-bayer-goessweinstein.de_e30ad08e.png,
https://kia-schunke-aurich.de,https://kia-schunke-aurich.de/favicon.ico,logos/kia-schunke-aurich.de_3adb77e9.svg,
https://intersport-crestvoland.com,https://intersport-crestvoland.com/favicon.ico,logos/intersport-crestvoland.com_da0354d3.ico,
https://vbh.hu,https://vbh.hu/favicon.ico,logos/vbh.hu_cd67af2c.ico,
https://vkf-renzel.nl,https://vkf-renzel.nl/favicon.ico,logos/vkf-renzel.nl_16cd2934.jpg,
https://toyotaboranlar.com.tr,https://toyotaboranlar.com.tr/favicon.ico,logos/toyotaboranlar.com.tr_9fefd624.png,
https://saint-gobain.bg,https://saint-gobain.bg/favicon.ico,logos/saint-gobain.bg_91b37a0e.svg,
https://asendia.de,https://asendia.de/favicon.ico,logos/asendia.de_7c92272b.png,
https://toyota.bo,https://toyota.bo/favicon.ico,logos/toyota.bo_14e12ce5.ico,
https://toyotasouthern.com,https://toyotasouthern.com/favicon.ico,logos/toyotasouthern.com_a5bc5cd0.jpg,
https://toyotahizel.com.tr,https://toyotahizel.com.tr/favicon.ico,logos/toyotahizel.com.tr_581c2bfa.png,
https://honda-angouleme.com,https://honda-angouleme.com/apple-touch-icon.png,logos/honda-angouleme.com_5ac024fa.png,
https://pkfcabrera.com,https://pkfcabrera.com/favicon.ico,logos/pkfcabrera.com_28c2a8c3.png,
https://equans.cl,https://equans.cl/favicon.ico,logos/equans.cl_d1c84e26.jpg,
https://engieservices.us,,,no_logo_found
https://menicon.es,https://menicon.es/favicon.ico,logos/menicon.es_d57c4885.svg,
https://savethechildren.mn,https://savethechildren.mn/favicon.ico,logos/savethechildren.mn_1ed1e8a2.png,
https://lunarclient.com,https://lunarclient.com/favicon.ico,logos/lunarclient.com_e4a86795.ico,
https://tapflo.kz,https://tapflo.kz/favicon.ico,logos/tapflo.kz_56626a88.webp,
https://grantthornton.sk,https://grantthornton.sk/favicon.ico,logos/grantthornton.sk_eb75ce12.ico,
https://zalando.pl,https://zalando.pl/favicon.ico,logos/zalando.pl_317cef99.svg,
https://bakertillyeg.com,https://bakertillyeg.com/favicon.ico,logos/bakertillyeg.com_80f34176.png,
https://nexi.gr,https://nexi.gr/favicon.ico,logos/nexi.gr_56b6ba88.png,
https://hondasevilla.net,https://hondasevilla.net/favicon.ico,logos/hondasevilla.net_5941b982.ico,
https://fronticsamerica.com,https://fronticsamerica.com/favicon.ico,logos/fronticsamerica.com_05760598.png,
https://subaru.lu,https://subaru.lu/favicon.ico,logos/subaru.lu_74d632e2.jpg,
https://mazda-autohaus-ehrlich-aschaffenburg.de,https://mazda-autohaus-ehrlich-aschaffenburg.de/favicon.ico,logos/mazda-autohaus-ehrlich-aschaffenburg.de_e30ad08e.png,
https://aamcoeuless.com,https://aamcoeuless.com/favicon.ico,logos/aamcoeuless.com_6dc4950e.jpg,
https://holidayland-sanktwendel.de,https://holidayland-sanktwendel.de/favicon.ico,logos/holidayland-sanktwendel.de_5c65b9a6.png,
https://sprachschule-aktiv-kaiserslautern.de,https://sprachschule-aktiv-kaiserslautern.de/favicon.ico,logos/sprachschule-aktiv-kaiserslautern.de_cd45a72d.webp,
https://avisng.com,https://avisng.com/apple-touch-icon.png,logos/avisng.com_dbf66a24.jpg,
https://bioderma-india.in,https://bioderma-india.in/favicon.ico,logos/bioderma-india.in_8e31087a.svg,
https://cdvi.se,https://cdvi.se/favicon.ico,logos/cdvi.se_6af099a7.png,
https://aamcoaloha.com,https://aamcoaloha.com/favicon.ico,logos/aamcoaloha.com_6dc4950e.jpg,
https://toyotaploiesti.ro,https://toyotaploiesti.ro/favicon.ico,logos/toyotaploiesti.ro_3246978c.png,
https://aamcoscottsdaleroad.com,https://aamcoscottsdaleroad.com/favicon.ico,logos/aamcoscottsdaleroad.com_6dc4950e.jpg,
https://flashbay.hu,https://flashbay.hu/favicon.ico,logos/flashbay.hu_f9215b1d.png,
https://cubcadet.fr,https://cubcadet.fr/favicon.ico,logos/cubcadet.fr_9fd556e9.png,
https://premiumproperties.com,https://premiumproperties.com/favicon.ico,logos/premiumproperties.com_87a8675f.png,
https://rsm.lu,https://res.cloudinary.com/rsmglobal/image/fetch/t_default/f_auto/q_auto/https://www.rsm.global/luxembourg/profiles/rsm_global_platform/themes/rsm_global_platform_2022/images/favicons/apple-touch-icon-57x57.png,logos/rsm.lu_b039f61d.jpg,
https://culliganiowa.com,https://culliganiowa.com/favicon.ico,logos/culliganiowa.com_b7a9010d.png,
https://nelsonlabsbozeman.com,https://nelsonlabsbozeman.com/favicon.ico,logos/nelsonlabsbozeman.com_d6c8e39e.png,
https://chicco.ch,https://chicco.ch/favicon.ico,logos/chicco.ch_e04a0b72.png,
https://cazenovecapital.com,https://cazenovecapital.com/favicon.ico,logos/cazenovecapital.com_49f2199f.png,
https://xwiftracingevents.be,https://xwiftracingevents.be/favicon.ico,logos/xwiftracingevents.be_dcb21c32.webp,
https://fosterfarmsfoodservice.com,https://fosterfarmsfoodservice.com/favicon.ico,logos/fosterfarmsfoodservice.com_ac893509.jpg,
https://saint-gobain-glass.co.uk,https://saint-gobain-glass.co.uk/favicon.ico,logos/saint-gobain-glass.co.uk_b82bf8cb.png,
https://crocs.cl,https://crocscl.vtexassets.com/assets/vtex.file-manager-graphql/images/36c2dd1c-dcfe-4776-83fe-c03e26645385___641a829d281acfef26aed3733e87d6c5.webp,logos/crocs.cl_92693ae8.png,
https://synergie.es,https://synergie.es/favicon.ico,logos/synergie.es_91e68bfa.jpg,
https://aamcosantacruzca.com,https://aamcosantacruzca.com/favicon.ico,logos/aamcosantacruzca.com_6dc4950e.jpg,
https://daikin.fi,https://daikin.fi/favicon.ico,logos/daikin.fi_aae1da8e.jpg,
https://vendhq.com,https://vendhq.com/favicon.ico,logos/vendhq.com_54337ecd.png,
https://aamcodallastx.com,https://aamcodallastx.com/favicon.ico,logos/aamcodallastx.com_6dc4950e.jpg,
https://honda.com.hk,https://honda.com.hk/favicon.ico,logos/honda.com.hk_c1a36b4f.png,
https://zalando.ch,https://zalando.ch/favicon.ico,logos/zalando.ch_de83c633.png,
https://kumon.com.co,https://kumon.com.co/favicon.ico,logos/kumon.com.co_636ef228.png,
https://culliganofnashville.com,https://culliganofnashville.com/favicon.ico,logos/culliganofnashville.com_4e3f620a.png,
https://mazda-autohaus-schmidt-oschatz.de,https://mazda-autohaus-schmidt-oschatz.de/favicon.ico,logos/mazda-autohaus-schmidt-oschatz.de_e30ad08e.png,
https://lindegas.hu,https://lindegas.hu/favicon.ico,logos/lindegas.hu_695ed995.png,
https://kumon.cl,https://kumon.cl/favicon.ico,logos/kumon.cl_085c9ec6.png,
https://aamcotracyca.com,https://aamcotracyca.com/favicon.ico,logos/aamcotracyca.com_15a1cb24.png,
https://bakertilly.ma,https://bakertilly.ma/favicon.ico,logos/bakertilly.ma_e9517153.jpg,
https://moore-czech.cz,https://moore-czech.cz/favicon.ico,logos/moore-czech.cz_64aae180.ico,
https://bbraun.dk,https://bbraun.dk/favicon.ico,logos/bbraun.dk_b791cb34.jpg,
https://mazda-autohaus-gerhard-figge-waldeck-hoeringhausen.de,https://mazda-autohaus-gerhard-figge-waldeck-hoeringhausen.de/favicon.ico,logos/mazda-autohaus-gerhard-figge-waldeck-hoeringhausen.de_e30ad08e.png,
https://msd.es,https://www.msd.es/wp-content/uploads/sites/47/2024/06/rotavirus-bebe-prevencion-edited.jpg,logos/msd.es_0f468eba.png,
https://orange.cd,https://orange.cd/favicon.ico,logos/orange.cd_e6d4a765.ico,
https://amnesty.lu,https://amnesty.lu/favicon.ico,logos/amnesty.lu_484a392e.svg,
https://deheus.rs,https://deheus.rs/favicon.ico,logos/deheus.rs_ff028349.jpg,
https://mtn.ci,https://mtn.ci/favicon.ico,logos/mtn.ci_9ba6d896.png,
https://petercem-sensors.com,https://petercem-sensors.com/favicon.ico,logos/petercem-sensors.com_7fe17d23.png,
https://rotaryclubmedellin.org,https://rotaryclubmedellin.org/favicon.ico,logos/rotaryclubmedellin.org_0352bba0.png,
https://cvjm-augsburg.de,https://cvjm-augsburg.de/favicon.ico,logos/cvjm-augsburg.de_1f926b70.ico,
https://culliganporthuron.com,https://culliganporthuron.com/favicon.ico,logos/culliganporthuron.com_b7a9010d.png,
https://allthingswater.com,https://allthingswater.com/favicon.ico,logos/allthingswater.com_f19961c6.svg,
https://honda-larochelle.com,https://honda-larochelle.com/favicon.ico,logos/honda-larochelle.com_ef26df36.png,
https://mazda-autohaus-schmidt-grossenhain.de,https://mazda-autohaus-schmidt-grossenhain.de/favicon.ico,logos/mazda-autohaus-schmidt-grossenhain.de_e30ad08e.png,
https://bbraun.co.in,https://bbraun.co.in/favicon.ico,logos/bbraun.co.in_f4cbdb09.png,
https://future-x.at,https://future-x.at/favicon.ico,logos/future-x.at_9ad3b883.ico,
https://daikin-manufacturing.de,https://daikin-manufacturing.de/apple-touch-icon.png,logos/daikin-manufacturing.de_5868b553.svg,
https://ecaas.com,https://ecaas.com/favicon.ico,logos/ecaas.com_0ba19ee6.jpg,
https://internationalsos.co.jp,https://internationalsos.co.jp/favicon.ico,logos/internationalsos.co.jp_e9461521.webp,
https://jungheinrich.co.za,https://jungheinrich.co.za/favicon.ico,logos/jungheinrich.co.za_a117edd8.ico,
https://ikea.com.do,https://ikea.com.do/favicon.ico,logos/ikea.com.do_0888a99e.ico,
https://gulf.no,https://gulf.no/favicon.ico,logos/gulf.no_75c17593.png,
https://crocs.co.nz,https://crocs.co.nz/favicon.ico,logos/crocs.co.nz_1def6cf3.png,
https://stanleyelectricus.com,https://stanleyelectricus.com/favicon.ico,logos/stanleyelectricus.com_90ddce87.png,
https://aamcowebstertx.com,https://aamcowebstertx.com/favicon.ico,logos/aamcowebstertx.com_6dc4950e.jpg,
https://trulynolengoias.com.br,https://trulynolengoias.com.br/favicon.ico,logos/trulynolengoias.com.br_bbf1e246.png,
https://aamcoglendalearrowhead.com,https://aamcoglendalearrowhead.com/favicon.ico,logos/aamcoglendalearrowhead.com_64e755c4.jpg,
https://aamcofremontca.com,https://aamcofremontca.com/favicon.ico,logos/aamcofremontca.com_6dc4950e.jpg,
https://manpowergroup.pt,https://manpowergroup.pt/favicon.ico,logos/manpowergroup.pt_8a93a8c9.svg,
https://dulux.com.sg,https://dulux.com.sg/favicon.ico,logos/dulux.com.sg_cd43ba55.jpg,
https://promstahl.de,https://promstahl.de/favicon.ico,logos/promstahl.de_d32eb63e.png,
https://berlitzmanchester.com,https://berlitzmanchester.com/favicon.ico,logos/berlitzmanchester.com_b9d91bd8.svg,
https://mazda-autohaus-dittrich-genthin-huettermuehle.de,https://mazda-autohaus-dittrich-genthin-huettermuehle.de/favicon.ico,logos/mazda-autohaus-dittrich-genthin-huettermuehle.de_e30ad08e.png,
https://cdlcampina.org.br,https://cdlcampina.org.br/favicon.ico,logos/cdlcampina.org.br_db0ec8d9.png,
https://actemium.id,https://actemium.id/favicon.ico,logos/actemium.id_9724a650.png,
https://aamcoscottsdaleairpark.com,https://aamcoscottsdaleairpark.com/favicon.ico,logos/aamcoscottsdaleairpark.com_6dc4950e.jpg,
https://medef-vendee.fr,https://medef-vendee.fr/favicon.ico,logos/medef-vendee.fr_ab4e343c.svg,
https://hansa-flex.com.pl,https://hansa-flex.com.pl/favicon.ico,logos/hansa-flex.com.pl_7cba7393.svg,
https://misterwhat.de,https://misterwhat.de/favicon.ico,logos/misterwhat.de_2928df86.png,
https://ikea.com.tw,https://ikea.com.tw/favicon.ico,logos/ikea.com.tw_06200e10.ico,
https://flashbay.pt,https://flashbay.pt/favicon.ico,logos/flashbay.pt_3ffae08d.jpg,
https://aamcohuntingtonbeachca.com,https://aamcohuntingtonbeachca.com/favicon.ico,logos/aamcohuntingtonbeachca.com_6dc4950e.jpg,
https://aamcodovernj.com,https://aamcodovernj.com/favicon.ico,logos/aamcodovernj.com_e7712465.jpg,
https://aamcohouston-veteransmemorial.com,https://aamcohouston-veteransmemorial.com/favicon.ico,logos/aamcohouston-veteransmemorial.com_6dc4950e.jpg,
https://bbraun-vetcare.nl,https://bbraun-vetcare.nl/favicon.ico,logos/bbraun-vetcare.nl_6e36dc08.jpg,
https://santander.com.uy,https://santander.com.uy/favicon.ico,logos/santander.com.uy_7202c8f3.svg,
https://aamcobakersfield-unionave.com,https://aamcobakersfield-unionave.com/favicon.ico,logos/aamcobakersfield-unionave.com_15a1cb24.png,
https://linde-amt.com,https://linde-amt.com/apple-touch-icon-precomposed.png,logos/linde-amt.com_67fc549d.ico,
https://bosch-homecomfortgroup.com,https://bosch-homecomfortgroup.com/favicon.ico,logos/bosch-homecomfortgroup.com_018d5b2f.png,
https://goliathgames.de,https://goliathgames.de/favicon.ico,logos/goliathgames.de_7a138780.png,
https://actemium.de,https://actemium.de/favicon.ico,logos/actemium.de_5c948a60.png,
https://aamcotransmissionpensacola.com,https://aamcotransmissionpensacola.com/favicon.ico,logos/aamcotransmissionpensacola.com_6dc4950e.jpg,
https://mazda-autohaus-rottmann-bottrop.de,https://mazda-autohaus-rottmann-bottrop.de/favicon.ico,logos/mazda-autohaus-rottmann-bottrop.de_e30ad08e.png,
https://mazda-autohaus-schneider-sondershausen.de,https://mazda-autohaus-schneider-sondershausen.de/favicon.ico,logos/mazda-autohaus-schneider-sondershausen.de_e30ad08e.png,
https://toyotakuzen.com.tr,https://toyotakuzen.com.tr/favicon.ico,logos/toyotakuzen.com.tr_9fefd624.png,
https://allbranded.de,https://allbranded.de/favicon.ico,logos/allbranded.de_39c86783.png,
https://veolia.cn,https://veolia.cn/favicon.ico,logos/veolia.cn_b7e7c877.png,
https://toyotaoztoprakhatay.com.tr,https://toyotaoztoprakhatay.com.tr/favicon.ico,logos/toyotaoztoprakhatay.com.tr_01194a58.png,
https://mazda-warszawa-nivette.pl,https://mazda-warszawa-nivette.pl/apple-touch-icon.png,logos/mazda-warszawa-nivette.pl_331070bb.svg,
https://euromaster.cz,https://euromaster.cz/apple-touch-icon.png,logos/euromaster.cz_733ff060.png,
https://unglobalcompactghana.com,https://unglobalcompactghana.com/favicon.ico,logos/unglobalcompactghana.com_f907f5f2.jpg,
https://culligantucson.com,https://culligantucson.com/favicon.ico,logos/culligantucson.com_52691706.ico,
https://cvjm-dettingen.de,https://cvjm-dettingen.de/favicon.ico,logos/cvjm-dettingen.de_9a91e127.png,
https://mazda-autohaus-baumgart-altensteig.de,https://mazda-autohaus-baumgart-altensteig.de/favicon.ico,logos/mazda-autohaus-baumgart-altensteig.de_e30ad08e.png,
https://mazda-autohaus-stoelzel-doehlau.de,https://mazda-autohaus-stoelzel-doehlau.de/favicon.ico,logos/mazda-autohaus-stoelzel-doehlau.de_e30ad08e.png,
https://baywa-re.mx,https://baywa-re.mx/favicon.ico,logos/baywa-re.mx_3936f44a.svg,
https://kia-bender-coburg.de,https://kia-bender-coburg.de/favicon.ico,logos/kia-bender-coburg.de_3adb77e9.svg,
https://nobleprog.com.ar,https://nobleprog.com.ar/favicon.ico,logos/nobleprog.com.ar_8af95bb3.png,
https://aamcowoodstock-mainst.com,https://aamcowoodstock-mainst.com/favicon.ico,logos/aamcowoodstock-mainst.com_6dc4950e.jpg,
https://tupperware.gr,https://tupperware.gr/favicon.ico,logos/tupperware.gr_16dc21c6.svg,
https://servier.co.th,https://servier.co.th/favicon.ico,logos/servier.co.th_87852277.png,
https://asendia.it,https://asendia.it/favicon.ico,logos/asendia.it_7c92272b.png,
https://culligangeneva.com,https://culligangeneva.com/favicon.ico,logos/culligangeneva.com_52691706.ico,
https://kalorimeta-singen.de,https://kalorimeta-singen.de/favicon.ico,logos/kalorimeta-singen.de_abad49d4.png,
https://honda-strasbourg.com,https://honda-strasbourg.com/apple-touch-icon.png,logos/honda-strasbourg.com_5ac024fa.png,
https://worldvision.org.uk,https://worldvision.org.uk/favicon.ico,logos/worldvision.org.uk_00926ef1.png,
https://allianzdarta.ie,https://allianzdarta.ie/favicon.ico,logos/allianzdarta.ie_b25d76cf.png,
https://culliganphoenix.com,https://culliganphoenix.com/favicon.ico,logos/culliganphoenix.com_4e3f620a.png,
https://murrelektronik.it,https://murrelektronik.it/favicon.ico,logos/murrelektronik.it_899a0e99.png,
https://culliganillinoisvalley.com,https://culliganillinoisvalley.com/favicon.ico,logos/culliganillinoisvalley.com_b7a9010d.png,
https://culliganalbionhillsdale.com,https://culliganalbionhillsdale.com/favicon.ico,logos/culliganalbionhillsdale.com_52691706.ico,
https://daikin-ce.com,https://daikin-ce.com/favicon.ico,logos/daikin-ce.com_3afe91ae.jpg,
https://kia-brueggemann-neubrandenburg.de,https://kia-brueggemann-neubrandenburg.de/favicon.ico,logos/kia-brueggemann-neubrandenburg.de_3adb77e9.svg,
https://funiber.ci,https://funiber.ci/favicon.ico,logos/funiber.ci_df396a15.svg,
https://aamcomilwaukieor.com,https://aamcomilwaukieor.com/favicon.ico,logos/aamcomilwaukieor.com_6dc4950e.jpg,
https://holidayland-roedermark.de,https://holidayland-roedermark.de/favicon.ico,logos/holidayland-roedermark.de_05c461c9.png,
https://aamcohemetca.com,https://aamcohemetca.com/favicon.ico,logos/aamcohemetca.com_6dc4950e.jpg,
https://actemium.it,https://actemium.it/favicon.ico,logos/actemium.it_52f53741.png,
https://deheus.co.in,https://deheus.co.in/favicon.ico,logos/deheus.co.in_ff028349.jpg,
https://eurofinsfoodtesting.nl,https://eurofinsfoodtesting.nl/favicon.ico,logos/eurofinsfoodtesting.nl_ae15926b.jpg,
https://airbnb.com.ro,https://airbnb.com.ro/favicon.ico,logos/airbnb.com.ro_8a0b5266.png,
https://howdenagents.gr,https://howdenagents.gr/favicon.ico,logos/howdenagents.gr_fba9c46f.jpg,
https://menicon.fr,https://menicon.fr/favicon.ico,logos/menicon.fr_d57c4885.svg,
https://bakertilly.vg,https://bakertilly.vg/favicon.ico,logos/bakertilly.vg_80f34176.png,
https://goliathgames.es,https://goliathgames.es/favicon.ico,logos/goliathgames.es_88afc039.jpg,
https://cdvibenelux.com,https://cdvibenelux.com/favicon.ico,logos/cdvibenelux.com_7b42a614.svg,
https://daikin.si,https://daikin.si/favicon.ico,logos/daikin.si_8e81404c.png,
https://intersport.sk,https://intersport.sk/favicon.ico,logos/intersport.sk_91ebe65c.png,
https://rexel.se,https://rexel.se/favicon.ico,logos/rexel.se_71a196db.jpg,
https://icafalinmobiliaria.cl,https://icafalinmobiliaria.cl/favicon.ico,logos/icafalinmobiliaria.cl_4f012919.png,
https://kia-settele-neu-ulm.de,https://kia-settele-neu-ulm.de/favicon.ico,logos/kia-settele-neu-ulm.de_938845ac.jpg,
https://amnesty.ie,https://amnesty.ie/favicon.ico,logos/amnesty.ie_d0776977.png,
https://funiber.ma,https://funiber.ma/favicon.ico,logos/funiber.ma_df396a15.svg,
https://lcvesta.nl,https://lcvesta.nl/favicon.ico,logos/lcvesta.nl_a0ff1034.webp,
https://miniso.com.ec,https://miniso.com.ec/favicon.ico,logos/miniso.com.ec_ca50d6cd.png,
https://wwfcz.org,https://wwfcz.org/favicon.ico,logos/wwfcz.org_3eb09b5e.png,
https://santillana.com.bo,https://santillana.com.bo/favicon.ico,logos/santillana.com.bo_64eaa22d.png,
https://adra.org.au,https://adra.org.au/favicon.ico,logos/adra.org.au_07897b68.png,
https://airbnb.no,https://airbnb.no/favicon.ico,logos/airbnb.no_8a0b5266.png,
https://honda-metz.com,https://honda-metz.com/favicon.ico,logos/honda-metz.com_5ac024fa.png,
https://mazda-autohaus-kopke-bendel-marl.de,https://mazda-autohaus-kopke-bendel-marl.de/favicon.ico,logos/mazda-autohaus-kopke-bendel-marl.de_e30ad08e.png,
https://asendia.dk,https://asendia.dk/favicon.ico,logos/asendia.dk_7790b842.png,
https://jungheinrich.cn,https://jungheinrich.cn/favicon.ico,logos/jungheinrich.cn_9fade410.png,
https://hertz.com.cy,https://hertz.com.cy/favicon.ico,logos/hertz.com.cy_a0d72baf.jpg,
https://nordicpharma.it,https://nordicpharma.it/favicon.ico,logos/nordicpharma.it_a0754794.png,
https://mercanta.de,https://mercanta.de/favicon.ico,logos/mercanta.de_d7da4c92.png,
https://kia-ds-lampertheim.de,https://kia-ds-lampertheim.de/favicon.ico,logos/kia-ds-lampertheim.de_3adb77e9.svg,
https://kia-dresen-neuss.de,https://kia-dresen-neuss.de/favicon.ico,logos/kia-dresen-neuss.de_938845ac.jpg,
https://boschautopartes.mx,https://boschautopartes.mx/favicon.ico,logos/boschautopartes.mx_e514a8f5.png,
https://ardex-france.fr,https://ardex-france.fr/favicon.ico,logos/ardex-france.fr_f3bc4582.ico,
https://kia-telke-badschlema.de,https://kia-telke-badschlema.de/favicon.ico,logos/kia-telke-badschlema.de_3adb77e9.svg,
https://kia-levy-wittenberg.de,https://kia-levy-wittenberg.de/favicon.ico,logos/kia-levy-wittenberg.de_938845ac.jpg,
https://grantthornton.com.pa,https://grantthornton.com.pa/favicon.ico,logos/grantthornton.com.pa_a752019c.png,
https://einhell.com.gr,https://einhell.com.gr/favicon.ico,logos/einhell.com.gr_1e5fa464.jpg,
https://mazda-autohaus-haeusler-fuerstenfeldbruck.de,https://mazda-autohaus-haeusler-fuerstenfeldbruck.de/favicon.ico,logos/mazda-autohaus-haeusler-fuerstenfeldbruck.de_e30ad08e.png,
https://mazda-service-metz-marne.de,https://mazda-service-metz-marne.de/favicon.ico,logos/mazda-service-metz-marne.de_e30ad08e.png,
https://vispiron.systems,https://vispiron.systems/favicon.ico,logos/vispiron.systems_eff1e78c.png,
https://mazda-autohaus-weiss-niedernhausen.de,https://mazda-autohaus-weiss-niedernhausen.de/favicon.ico,logos/mazda-autohaus-weiss-niedernhausen.de_e30ad08e.png,
https://mazda-autohaus-albers-doerpen.de,https://mazda-autohaus-albers-doerpen.de/favicon.ico,logos/mazda-autohaus-albers-doerpen.de_e30ad08e.png,
https://culliganfresnolindsay.com,https://culliganfresnolindsay.com/favicon.ico,logos/culliganfresnolindsay.com_c0326220.svg,
https://avia.hu,https://avia.hu/apple-touch-icon.png,logos/avia.hu_99868eba.svg,
https://affinitynonprofits.com,https://affinitynonprofits.com/favicon.ico,logos/affinitynonprofits.com_69fe573c.jpg,
https://mazda-autohaus-schindlbeck-schwandorf.de,https://mazda-autohaus-schindlbeck-schwandorf.de/favicon.ico,logos/mazda-autohaus-schindlbeck-schwandorf.de_e30ad08e.png,
https://culliganofidaho.com,https://culliganofidaho.com/favicon.ico,logos/culliganofidaho.com_c0326220.svg,
https://culligannc.com,https://culligannc.com/favicon.ico,logos/culligannc.com_c0326220.svg,
https://foxinaboxgraz.at,https://foxinaboxgraz.at/favicon.ico,logos/foxinaboxgraz.at_8c57a417.png,
https://bonprix-fl.be,https://bonprix-fl.be/favicon.ico,logos/bonprix-fl.be_bc6c41ac.svg,
https://aamcofrederickmd.com,https://aamcofrederickmd.com/favicon.ico,logos/aamcofrederickmd.com_6dc4950e.jpg,
https://salvationarmy.org.uk,https://salvationarmy.org.uk/favicon.ico,logos/salvationarmy.org.uk_273236c4.jpg,
https://luxaflexproject-scandinavia.com,https://luxaflexproject-scandinavia.com/favicon.ico,logos/luxaflexproject-scandinavia.com_f440e08d.png,
https://linde-gas.lt,https://linde-gas.lt/favicon.ico,logos/linde-gas.lt_bcc95548.jpg,
https://culligantotalwateriowa.com,https://culligantotalwateriowa.com/favicon.ico,logos/culligantotalwateriowa.com_4e3f620a.png,
https://pirtek.at,https://pirtek.at/favicon.ico,logos/pirtek.at_77d603e8.png,
https://baywa-re.com.au,https://baywa-re.com.au/favicon.ico,logos/baywa-re.com.au_8fcf0903.png,
https://funiber.cm,https://funiber.cm/favicon.ico,logos/funiber.cm_df396a15.svg,
https://allianz.lt,https://allianz.lt/favicon.ico,logos/allianz.lt_c04fd11e.png,
https://amnesty.eu,https://amnesty.eu/favicon.ico,logos/amnesty.eu_df004812.jpg,
https://pearsonclinical.fr,https://pearsonclinical.fr/favicon.ico,logos/pearsonclinical.fr_23285dc5.png,
https://santillana.com.co,https://santillana.com.co/favicon.ico,logos/santillana.com.co_60194540.webp,
https://eresrelocation.es,https://eresrelocation.es/favicon.ico,logos/eresrelocation.es_675ffbd2.png,
https://duraclean.us,https://duraclean.us/favicon.ico,logos/duraclean.us_a58e49bd.png,
https://culliganwaterwyoming.com,https://culliganwaterwyoming.com/favicon.ico,logos/culliganwaterwyoming.com_7437becd.svg,
https://actemium.es,https://actemium.es/favicon.ico,logos/actemium.es_52f53741.png,
https://aamcolancasterca.com,https://aamcolancasterca.com/favicon.ico,logos/aamcolancasterca.com_6dc4950e.jpg,
https://wuerth-ag.ch,https://wuerth-ag.ch/favicon.ico,logos/wuerth-ag.ch_e040652d.jpg,
https://modshair-hannover.de,https://modshair-hannover.de/favicon.ico,logos/modshair-hannover.de_3bf2a200.jpg,
https://subarusouthblvd.com,https://subarusouthblvd.com/favicon.ico,logos/subarusouthblvd.com_05610d8c.jpg,
https://jungheinrich.co.nz,https://jungheinrich.co.nz/favicon.ico,logos/jungheinrich.co.nz_a117edd8.ico,
https://mazda-autohaus-grasdanner-holzkirchen.de,https://mazda-autohaus-grasdanner-holzkirchen.de/favicon.ico,logos/mazda-autohaus-grasdanner-holzkirchen.de_e30ad08e.png,
https://mercyships.nl,https://mercyships.nl/favicon.ico,logos/mercyships.nl_e0782efc.webp,
https://cyclecarriage.com,,,no_logo_found
https://infiniti-jordan.com,https://infiniti-jordan.com/favicon.ico,logos/infiniti-jordan.com_d2e26b81.png,
https://aamcobrooklyn-atlanticave.com,https://aamcobrooklyn-atlanticave.com/favicon.ico,logos/aamcobrooklyn-atlanticave.com_e5a5c033.jpg,
https://aliaxis.be,https://aliaxis.be/favicon.ico,logos/aliaxis.be_ee6b989b.png,
https://terradat.co.uk,https://terradat.co.uk/favicon.ico,logos/terradat.co.uk_a9e14b09.png,
https://aleris-pp.dk,https://aleris-pp.dk/favicon.ico,logos/aleris-pp.dk_2ed2985a.svg,
https://mantruckmerchandise.co.uk,https://mantruckmerchandise.co.uk/favicon.ico,logos/mantruckmerchandise.co.uk_e5ccd04a.jpg,
https://habitatstl.org,https://habitatstl.org/favicon.ico,logos/habitatstl.org_ef52840e.png,
https://culliganillinois.com,https://culliganillinois.com/favicon.ico,logos/culliganillinois.com_52691706.ico,
https://domcortraffic.ca,https://domcortraffic.ca/favicon.ico,logos/domcortraffic.ca_4c430637.webp,
https://oilfieldequipments.us,https://oilfieldequipments.us/favicon.ico,logos/oilfieldequipments.us_899952c0.png,
https://aamcosouthtampa.com,https://aamcosouthtampa.com/favicon.ico,logos/aamcosouthtampa.com_18f5e091.jpg,
https://pearsonactivelearn.com,,,no_logo_found
https://aamcolakeforestca.com,https://aamcolakeforestca.com/favicon.ico,logos/aamcolakeforestca.com_6dc4950e.jpg,
https://veolia.de,https://veolia.de/favicon.ico,logos/veolia.de_01bd1ace.ico,
https://bakertilly.ng,https://bakertilly.ng/favicon.ico,logos/bakertilly.ng_80f34176.png,
https://mapfre.com.uy,https://mapfre.com.uy/favicon.ico,logos/mapfre.com.uy_5fbfbaf6.png,
https://salvationarmyconcordca.org,https://salvationarmyconcordca.org/favicon.ico,logos/salvationarmyconcordca.org_29038ccd.svg,
https://culliganmoseslake.com,https://culliganmoseslake.com/favicon.ico,logos/culliganmoseslake.com_7437becd.svg,
https://mazda-autohaus-kalina-gelsenkirchen.de,https://mazda-autohaus-kalina-gelsenkirchen.de/favicon.ico,logos/mazda-autohaus-kalina-gelsenkirchen.de_e30ad08e.png,
https://culligankennewick.com,https://culligankennewick.com/favicon.ico,logos/culligankennewick.com_4e3f620a.png,
https://compo.pl,https://compo.pl/favicon.ico,logos/compo.pl_05c65022.jpg,
https://flashbay.fi,https://flashbay.fi/favicon.ico,logos/flashbay.fi_fb087b72.ico,
https://louisdepoorterestore.com,https://louisdepoorterestore.com/favicon.ico,logos/louisdepoorterestore.com_181e1eec.png,
https://funiber.it,https://funiber.it/favicon.ico,logos/funiber.it_df396a15.svg,
https://toyotayigitvar.com.tr,https://toyotayigitvar.com.tr/favicon.ico,logos/toyotayigitvar.com.tr_581c2bfa.png,
https://amway.ch,https://amway.ch/apple-touch-icon.png,logos/amway.ch_84142a9b.webp,
https://toyota-evreux.fr,https://toyota-evreux.fr/favicon.ico,logos/toyota-evreux.fr_ef30d73b.png,
https://aamcocharlottesville.com,https://aamcocharlottesville.com/favicon.ico,logos/aamcocharlottesville.com_6dc4950e.jpg,
https://deprag.cz,https://deprag.cz/favicon.ico,logos/deprag.cz_93562aab.gif,
https://renault-guilers.fr,https://renault-guilers.fr/favicon.ico,logos/renault-guilers.fr_11eabb07.webp,
https://kia-ebner-baienfurt.de,https://kia-ebner-baienfurt.de/favicon.ico,logos/kia-ebner-baienfurt.de_938845ac.jpg,
https://greatplacetowork.com.tr,https://greatplacetowork.com.tr/favicon.ico,logos/greatplacetowork.com.tr_1b9861c1.png,
https://einhell.de,https://einhell.de/favicon.ico,logos/einhell.de_74f0ed70.jpg,
https://analytik-jena.fr,https://analytik-jena.fr/favicon.ico,logos/analytik-jena.fr_70c16dda.png,
https://toyotacetas.com.tr,https://toyotacetas.com.tr/favicon.ico,logos/toyotacetas.com.tr_9fefd624.png,
https://pkfkerikeri.co.nz,https://pkfkerikeri.co.nz/favicon.ico,logos/pkfkerikeri.co.nz_b432ec8f.png,
https://culliganofpeoria.com,https://culliganofpeoria.com/favicon.ico,logos/culliganofpeoria.com_cec809c8.png,
https://modshair-koeln-lindenthal.de,https://modshair-koeln-lindenthal.de/favicon.ico,logos/modshair-koeln-lindenthal.de_3bf2a200.jpg,
https://aiesec.org.es,https://aiesec.org.es/favicon.ico,logos/aiesec.org.es_0a29b735.png,
https://airbnb.nl,https://airbnb.nl/favicon.ico,logos/airbnb.nl_204f5be1.png,
https://toyotabeerens.be,https://toyotabeerens.be/favicon.ico,logos/toyotabeerens.be_4a18cc04.png,
https://cleijsenautoschadegoirle.nl,https://cleijsenautoschadegoirle.nl/apple-touch-icon.png,logos/cleijsenautoschadegoirle.nl_e4b9a0eb.png,
https://infiniti-azerbaijan.com,https://infiniti-azerbaijan.com/favicon.ico,logos/infiniti-azerbaijan.com_0a33fbf3.png,
https://vbh.cz,https://vbh.cz/favicon.ico,logos/vbh.cz_cd67af2c.ico,
https://teknoware.ae,https://teknoware.ae/favicon.ico,logos/teknoware.ae_3d5554f6.png,
https://sto.hu,https://sto.hu/favicon.ico,logos/sto.hu_720557da.png,
https://demeterschmid.de,https://cdn.website-start.de/favicon.ico,logos/demeterschmid.de_17928cac.jpg,
https://extremeadventureraces.com,https://extremeadventureraces.com/favicon.ico,logos/extremeadventureraces.com_f89cc5e7.png,
https://mazda-autohaus-hoeffner-clausen.de,https://mazda-autohaus-hoeffner-clausen.de/favicon.ico,logos/mazda-autohaus-hoeffner-clausen.de_e30ad08e.png,
https://ardexbuildingproducts.ie,https://ardexbuildingproducts.ie/favicon.ico,logos/ardexbuildingproducts.ie_29d0ee2c.ico,
https://dulux.com.my,https://dulux.com.my/favicon.ico,logos/dulux.com.my_c90d234e.ico,
https://aamcoeugeneor.com,https://aamcoeugeneor.com/favicon.ico,logos/aamcoeugeneor.com_6dc4950e.jpg,
https://renaultzaragoza.com,https://renaultzaragoza.com/favicon.ico,logos/renaultzaragoza.com_98bca04f.svg,
https://plameco-rheinsieg.de,https://plameco-rheinsieg.de/favicon.ico,logos/plameco-rheinsieg.de_71e462c3.png,
https://aamcomurraysouthsaltlakecity.com,https://aamcomurraysouthsaltlakecity.com/favicon.ico,logos/aamcomurraysouthsaltlakecity.com_6dc4950e.jpg,
https://moorestoke.co.uk,https://moorestoke.co.uk/favicon.ico,logos/moorestoke.co.uk_8eefb94b.png,
https://mtn.com.af,https://mtn.com.af/favicon.ico,logos/mtn.com.af_baee1e41.svg,
https://mitsubishi-motors.at,https://mitsubishi-motors.at/favicon.ico,logos/mitsubishi-motors.at_01985545.ico,
https://greatplacetowork.pt,https://greatplacetowork.pt/apple-touch-icon.png,logos/greatplacetowork.pt_65ed5780.png,
https://bbraun.com.tr,https://bbraun.com.tr/favicon.ico,logos/bbraun.com.tr_e369372d.jpg,
https://veka.bg,https://veka.bg/favicon.ico,logos/veka.bg_7d353ffc.svg,
https://gloriasportsarena.com.tr,https://gloriasportsarena.com.tr/favicon.ico,logos/gloriasportsarena.com.tr_6b036039.png,
https://culligantotalwaterbaraboo.com,https://culligantotalwaterbaraboo.com/favicon.ico,logos/culligantotalwaterbaraboo.com_7437becd.svg,
https://canon.com.br,https://canon.com.br/favicon.ico,logos/canon.com.br_98f1c840.ico,
https://papajohns.ma,,,no_logo_found
https://culligangrandisland.com,https://culligangrandisland.com/favicon.ico,logos/culligangrandisland.com_7437becd.svg,
https://advocarewdp.com,https://advocarewdp.com/favicon.ico,logos/advocarewdp.com_e5afb9db.png,
https://aamcofontanaca.com,https://aamcofontanaca.com/favicon.ico,logos/aamcofontanaca.com_6dc4950e.jpg,
https://gjw-sachsen.de,https://gjw-sachsen.de/favicon.ico,logos/gjw-sachsen.de_a3452521.ico,
https://bbraun.hu,https://bbraun.hu/favicon.ico,logos/bbraun.hu_b791cb34.jpg,
https://misterwhat-au.com,https://misterwhat-au.com/favicon.ico,logos/misterwhat-au.com_2928df86.png,
https://veolia.es,https://veolia.es/favicon.ico,logos/veolia.es_62f968b1.png,
https://fitness4homesuperstore.com,https://fitness4homesuperstore.com/favicon.ico,logos/fitness4homesuperstore.com_7cf09f2b.png,
https://toyotaaydogan.com.tr,https://toyotaaydogan.com.tr/favicon.ico,logos/toyotaaydogan.com.tr_9fefd624.png,
https://sofrecogroup.com,https://sofrecogroup.com/favicon.ico,logos/sofrecogroup.com_64ea3420.jpg,
https://grantthornton.az,https://grantthornton.az/favicon.ico,logos/grantthornton.az_eb75ce12.ico,
https://statkraft.com.br,https://statkraft.com.br/favicon.ico,logos/statkraft.com.br_c3fc875f.png,
https://algeco.at,https://algeco.at/favicon.ico,logos/algeco.at_d8885922.png,
https://gulf.lu,https://gulf.lu/favicon.ico,logos/gulf.lu_dfe668a9.svg,
https://abc-autoglas.de,https://abc-autoglas.de/favicon.ico,logos/abc-autoglas.de_4f5863e7.png,
https://athora.nl,https://athora.nl/favicon.ico,logos/athora.nl_ce3d30fb.svg,
https://toyotaderinderekocak.com.tr,https://toyotaderinderekocak.com.tr/favicon.ico,logos/toyotaderinderekocak.com.tr_9fefd624.png,
https://aquatherm-belux.be,https://aquatherm-belux.be/favicon.ico,logos/aquatherm-belux.be_46746186.ico,
https://mazda.co.za,https://mazda.co.za/favicon.ico,logos/mazda.co.za_9d3f8020.png,
https://bioderma.pl,https://bioderma.pl/apple-touch-icon.png,logos/bioderma.pl_d9711363.svg,
https://mersen.jp,https://mersen.jp/favicon.ico,logos/mersen.jp_4b37f57a.jpg,
https://aamcowarrentonva.com,https://aamcowarrentonva.com/favicon.ico,logos/aamcowarrentonva.com_6dc4950e.jpg,
https://ibc-solar.es,https://ibc-solar.es/favicon.ico,logos/ibc-solar.es_cf4c2e5d.ico,
https://mazda-warszawa-odyssey.pl,https://mazda-warszawa-odyssey.pl/apple-touch-icon.png,logos/mazda-warszawa-odyssey.pl_ced44dd0.png,
https://intersport-courchevel1550.com,https://intersport-courchevel1550.com/favicon.ico,logos/intersport-courchevel1550.com_babbb9e7.jpg,
https://mazda-autohaus-goedde-meschede.de,https://mazda-autohaus-goedde-meschede.de/favicon.ico,logos/mazda-autohaus-goedde-meschede.de_e30ad08e.png,
https://toyotaaykon.com.tr,https://toyotaaykon.com.tr/favicon.ico,logos/toyotaaykon.com.tr_9fefd624.png,
https://pearson.com.hk,https://pearson.com.hk/favicon.ico,logos/pearson.com.hk_ce13f0fa.jpg,
https://reedglobal.ae,https://reedglobal.ae/favicon.ico,logos/reedglobal.ae_d2574967.svg,
https://dilmahtea.co.uk,https://dilmahtea.co.uk/favicon.ico,logos/dilmahtea.co.uk_4087ea1f.png,
https://aamcocapistranobeachca.com,https://aamcocapistranobeachca.com/favicon.ico,logos/aamcocapistranobeachca.com_6dc4950e.jpg,
https://kia-ahs-roehrnbach.de,https://kia-ahs-roehrnbach.de/apple-touch-icon.png,logos/kia-ahs-roehrnbach.de_054af6b5.ico,
https://airbnb.com.bo,https://airbnb.com.bo/favicon.ico,logos/airbnb.com.bo_204f5be1.png,
https://invisalign.fr,https://invisalign.fr/favicon.ico,logos/invisalign.fr_2aaa64c9.svg,
https://aamcoconcord.com,https://aamcoconcord.com/favicon.ico,logos/aamcoconcord.com_6dc4950e.jpg,
https://aamcomorrisvillepa.com,https://aamcomorrisvillepa.com/favicon.ico,logos/aamcomorrisvillepa.com_6bab0422.jpg,
https://airbnb.ba,https://airbnb.ba/favicon.ico,logos/airbnb.ba_468e05d1.png,
https://greatplacetowork.com.ve,https://greatplacetowork.com.ve/apple-touch-icon.png,logos/greatplacetowork.com.ve_3039241f.svg,
https://mazda-autohaus-ahb-gotha.de,https://mazda-autohaus-ahb-gotha.de/favicon.ico,logos/mazda-autohaus-ahb-gotha.de_e30ad08e.png,
https://medefloire.fr,https://medefloire.fr/apple-touch-icon.png,logos/medefloire.fr_ab4e343c.svg,
https://metlife.com.ar,https://metlife.com.ar/favicon.ico,logos/metlife.com.ar_3ec43773.jpg,
https://leekeswindows.co.uk,https://leekeswindows.co.uk/favicon.ico,logos/leekeswindows.co.uk_fd0b556e.jpg,
https://europa-union-havelland.de,https://europa-union-havelland.de/favicon.ico,logos/europa-union-havelland.de_83fe87a6.ico,
https://chicco.com.mx,https://chicco.com.mx/favicon.ico,logos/chicco.com.mx_8a7cda87.jpg,
https://culliganwheaton.com,https://culliganwheaton.com/favicon.ico,logos/culliganwheaton.com_b7a9010d.png,
https://aamcosanrafaelca.com,https://aamcosanrafaelca.com/favicon.ico,logos/aamcosanrafaelca.com_d1f3b979.jpg,
https://jungheinrich.com.au,https://jungheinrich.com.au/favicon.ico,logos/jungheinrich.com.au_a117edd8.ico,
https://funiber.us,https://funiber.us/favicon.ico,logos/funiber.us_df396a15.svg,
https://aamcocoronaca.com,https://aamcocoronaca.com/favicon.ico,logos/aamcocoronaca.com_6dc4950e.jpg,
https://mazda-autohaus-friedmann-steinfeld.de,https://mazda-autohaus-friedmann-steinfeld.de/favicon.ico,logos/mazda-autohaus-friedmann-steinfeld.de_e30ad08e.png,
https://takeda.nl,https://takeda.nl/favicon.ico,logos/takeda.nl_9a003ad8.svg,
https://aamcolaurelmd.com,https://aamcolaurelmd.com/favicon.ico,logos/aamcolaurelmd.com_6dc4950e.jpg,
https://daikin.ru,https://daikin.ru/favicon.ico,logos/daikin.ru_896c3351.jpg,
https://nordicpharma.de,https://nordicpharma.de/favicon.ico,logos/nordicpharma.de_d59fbb92.png,
https://airbnb.dk,https://airbnb.dk/favicon.ico,logos/airbnb.dk_63151c71.png,
https://aamcotransmissionsknoxville-kingstonpike.com,https://aamcotransmissionsknoxville-kingstonpike.com/favicon.ico,logos/aamcotransmissionsknoxville-kingstonpike.com_b40db058.jpg,
https://aeccglobal.co.th,https://aeccglobal.co.th/favicon.ico,logos/aeccglobal.co.th_823a4844.webp,
https://menicon.sg,https://menicon.sg/favicon.ico,logos/menicon.sg_811cc1f4.png,
https://medef41.fr,https://medef41.fr/favicon.ico,logos/medef41.fr_aa2b25e8.ico,
https://glamsmile.be,https://glamsmile.be/favicon.ico,logos/glamsmile.be_73bc580e.png,
https://cdvi.ca,https://cdvi.ca/favicon.ico,logos/cdvi.ca_acb9372e.svg,
https://aamcoeastonpa.com,https://aamcoeastonpa.com/favicon.ico,logos/aamcoeastonpa.com_6bab0422.jpg,
https://toyotafocsani.ro,,,no_logo_found
https://toyotabacau.ro,,,no_logo_found
https://nikonschool.de,,,no_logo_found
https://adecco.com.sg,,,no_logo_found
https://toysrus.com.ph,,,no_logo_found
https://adecco.rs,,,no_logo_found
https://adeccome.com,,,no_logo_found
https://anadolumedicalcenter.al,https://anadolumedicalcenter.al/favicon.ico,logos/anadolumedicalcenter.al_f0a2bbf9.svg,
https://reallifeconcepts.co.za,,,no_logo_found
https://daikinmalaysia.com,,,no_logo_found
https://vbh.lv,,,no_logo_found
https://subway.com.tw,,,no_logo_found
https://medef71.com,https://medef71.com/favicon.ico,logos/medef71.com_aa2b25e8.ico,
https://adecco.ie,,,no_logo_found
https://subarumidlandodessa.com,https://subarumidlandodessa.com/favicon.ico,logos/subarumidlandodessa.com_05f06eae.png,
https://murrelektronik.com.cn,https://murrelektronik.com.cn/favicon.ico,logos/murrelektronik.com.cn_a5211148.gif,
https://despec.eu,,,no_logo_found
https://kiamotors.com.co,,,no_logo_found
https://tenneco.co.jp,https://tenneco.co.jp/favicon.ico,logos/tenneco.co.jp_2d11feea.ico,
https://mazda-autohaus-fenzl-hauzenberg.de,,,no_logo_found
https://adecco.cl,,,no_logo_found
https://spitex-hoefe.ch,,,no_logo_found
https://toyota-bauer.at,,,no_logo_found
https://spitexstaefa.ch,,,no_logo_found
https://kewpie.com.sg,https://kewpie.com.sg/favicon.ico,logos/kewpie.com.sg_020d4934.ico,
https://greatplacetowork.com.bo,http://greatplacetowork.com.bo/favicon.ico,logos/greatplacetowork.com.bo_ccf547e8.png,
https://spitexmuri.ch,,,no_logo_found
https://spitex-region-zofingen.ch,,,no_logo_found
https://spitex-regiokirchspiel.ch,,,no_logo_found
https://spitex-emmen.ch,,,no_logo_found
https://linde-gaz.pl,,,no_logo_found
https://spitex-meggen.ch,,,no_logo_found
https://spitexbuchs.ch,,,no_logo_found
https://wurth-international.com.cn,http://wurth-international.com.cn/apple-touch-icon-precomposed.png,logos/wurth-international.com.cn_9e6250d7.png,
https://daikin.com.sg,http://daikin.com.sg/favicon.ico,logos/daikin.com.sg_14515d94.png,
https://linde-finance.com,http://linde-finance.com/apple-touch-icon-precomposed.png,logos/linde-finance.com_67fc549d.ico,
https://wurth.com.uy,http://wurth.com.uy/favicon.ico,logos/wurth.com.uy_bbc06b20.png,
https://linexofschererville.com,http://linexofschererville.com/favicon.ico,logos/linexofschererville.com_198b85d4.png,
https://medef-artois.fr,http://medef-artois.fr/favicon.ico,logos/medef-artois.fr_aa2b25e8.ico,
https://medef-bearnetsoule.com,http://medef-bearnetsoule.com/favicon.ico,logos/medef-bearnetsoule.com_aa2b25e8.ico,
https://repsol.in.ua,http://repsol.in.ua/favicon.ico,logos/repsol.in.ua_3903ddeb.jpg,
https://aamcofortworth.com,http://aamcofortworth.com/favicon.ico,logos/aamcofortworth.com_15a1cb24.png,
https://araihelmet.com,http://araihelmet.com/favicon.ico,logos/araihelmet.com_5a312356.ico,
https://subaru-bd.com,http://subaru-bd.com/favicon.ico,logos/subaru-bd.com_2e333652.jpg,
https://pingusenglish.com.cy,http://pingusenglish.com.cy/favicon.ico,logos/pingusenglish.com.cy_80189b59.png,
https://linexofwilliston.com,http://linexofwilliston.com/favicon.ico,logos/linexofwilliston.com_198b85d4.png,
https://roca.co.th,http://roca.co.th/favicon.ico,logos/roca.co.th_f2a684bf.ico,
https://trijit.uk,http://trijit.uk/favicon.ico,logos/trijit.uk_58e3b4f4.png,
https://rotary-club-paris-se.org,http://rotary-club-paris-se.org/favicon.ico,logos/rotary-club-paris-se.org_74dd4cf1.ico,
https://pearsonclinical.co.uk,http://pearsonclinical.co.uk/favicon.ico,logos/pearsonclinical.co.uk_34b668ee.svg,
https://pingusenglish.ps,http://pingusenglish.ps/favicon.ico,logos/pingusenglish.ps_80189b59.png,
https://papasaveriospizzeria.com,https://assets.grubhub.com/href/grubhub/favicon.ico,logos/papasaveriospizzeria.com_12f9520a.svg,
https://spitex-rotbachtal.ch,,,no_logo_found
https://spitex-wuerenlos.ch,,,no_logo_found
https://spitexow.ch,,,no_logo_found
https://spitex-linth.ch,,,no_logo_found
https://spitexlauchetal.ch,,,no_logo_found
https://spitexrontalplus.ch,,,no_logo_found
https://spitex.sg,,,no_logo_found
https://printsasia.com,http://printsasia.com/favicon.ico,logos/printsasia.com_fe577840.png,
https://worldvision.bo,http://worldvision.bo/favicon.ico,logos/worldvision.bo_682cf4b7.png,
https://spitex-zimmerberg.ch,,,no_logo_found
https://spitexniesen.ch,,,no_logo_found
https://medef-sarthe.fr,http://medef-sarthe.fr/favicon.ico,logos/medef-sarthe.fr_aa2b25e8.ico,
https://ymcasteuben.org,,,error_fetch
https://wuerth.co.jp,http://wuerth.co.jp/favicon.ico,logos/wuerth.co.jp_c2f75897.jpg,
https://amnesty.id,http://amnesty.id/favicon.ico,logos/amnesty.id_4fbfc029.jpg,
https://berlitz.com.py,http://berlitz.com.py/favicon.ico,logos/berlitz.com.py_21b29d43.png,
https://noiseassessments.org,http://noiseassessments.org/favicon.ico,logos/noiseassessments.org_5e9ca670.png,
https://intersport-gros.de,,,no_logo_found
https://spitex-see-lac.ch,,,no_logo_found
https://toyota-ulrichshofer.at,,,no_logo_found
https://shimadzu.in,,,no_logo_found
https://casaaurorasupermercados.com.br,,,no_logo_found
https://mazda-autohaus-henseler-schwedt.de,,,error_fetch
https://avoncameroun.com,,,error_fetch
https://sitechnorthwest.com,http://sitechnorthwest.com/favicon.ico,logos/sitechnorthwest.com_a3baf108.ico,
https://wurth.hu,http://wurth.hu/favicon.ico,logos/wurth.hu_3b215bfb.png,
https://mazdaofamarillo.com,,,error_fetch
https://daikin.ge,,,error_fetch
https://sephora.pl,,,error_fetch
https://veolia.fr,,,error_fetch
https://rsmpoland.pl,,,error_fetch
https://wwfchina.org,http://wwfchina.org/favicon.ico,logos/wwfchina.org_4e3fcd2d.ico,
https://aamco-councilbluffs.com,,,error_fetch
https://pepsico.com.tr,,,no_logo_found
https://aamcoseguin.com,,,error_fetch
https://wurth.lk,http://wurth.lk/apple-touch-icon.png,logos/wurth.lk_92b86b95.png,
https://linexofchickasha.com,http://linexofchickasha.com/favicon.ico,logos/linexofchickasha.com_198b85d4.png,
https://roca.it,http://roca.it/favicon.ico,logos/roca.it_f2a684bf.ico,
https://medef-essonne.org,http://medef-essonne.org/favicon.ico,logos/medef-essonne.org_aa2b25e8.ico,
https://bosch-pt.com.au,http://bosch-pt.com.au/favicon.ico,logos/bosch-pt.com.au_f6bdeda8.png,
https://berlitzph.com,http://berlitzph.com/favicon.ico,logos/berlitzph.com_81ff5f16.ico,
https://moog.co.uk,,,no_logo_found
https://pkfcemac.com,,,no_logo_found
https://jll.lu,https://s7d1.scene7.com/is/image/joneslanglasalle/25-homepage-shaping-the-future?qlt=85&dpr=off&fmt=webp,logos/jll.lu_37ab7293.svg,
https://jll.co.kr,https://s7d1.scene7.com/is/image/joneslanglasalle/25-homepage-shaping-the-future?qlt=85&dpr=off&fmt=webp,logos/jll.co.kr_37ab7293.svg,
https://honda.cl,http://honda.cl/favicon.ico,logos/honda.cl_d8696a75.png,
https://jll.com.lk,http://jll.com.lk/favicon.ico,logos/jll.com.lk_adaf0145.webp,
https://acuraofwestchester.com,,,error_fetch
https://jll.fi,http://jll.fi/favicon.ico,logos/jll.fi_37ab7293.svg,
https://budget.rs,http://budget.rs/favicon.ico,logos/budget.rs_54543be6.svg,
https://mazda-uae.com,,,error_fetch
https://reedglobal.bg,,,error_fetch
https://roca.com.ar,http://roca.com.ar/favicon.ico,logos/roca.com.ar_f2a684bf.ico,
https://mazda-ma.com,,,error_fetch
https://kiaofabilene.com,,,error_fetch
https://demeter-bw.de,,,error_fetch
https://kiamarin.com,,,error_fetch
https://mazdalakeland.com,,,error_fetch
https://linexofstlouismo.com,http://linexofstlouismo.com/favicon.ico,logos/linexofstlouismo.com_f54fdee3.png,
https://kiaofdaphne.com,,,error_fetch
https://lidl.com.cy,,,error_fetch
https://stanbicbank.co.zw,,,error_fetch
https://invisalign.co.il,http://invisalign.co.il/favicon.ico,logos/invisalign.co.il_8cdc9a53.ico,
https://crocs.co.id,,,error_fetch
https://mazdaofspartanburg.com,,,error_fetch
https://mazdacity.com,,,error_fetch
https://astrazeneca.ua,,,error_fetch
https://vans.at,,,error_fetch
https://medef-beziers.fr,http://medef-beziers.fr/favicon.ico,logos/medef-beziers.fr_aa2b25e8.ico,
https://cfmotoperu.com,,,error_fetch
https://pepsico.com.pk,,,no_logo_found
https://toyota-buchreiter-eisenstadt.at,,,error_fetch
https://plameco-hannover.de,,,error_fetch
https://unicharm.com.br,,,error_fetch
https://medef-aude.com,http://medef-aude.com/favicon.ico,logos/medef-aude.com_aa2b25e8.ico,
https://demeter-im-westen.de,,,error_fetch
https://aamcokellertx.com,http://aamcokellertx.com/favicon.ico,logos/aamcokellertx.com_15a1cb24.png,
https://ikea.es,,,error_fetch
https://pearsonschoolsandfecolleges.co.uk,http://pearsonschoolsandfecolleges.co.uk/favicon.ico,logos/pearsonschoolsandfecolleges.co.uk_fe82c24b.ico,
https://carglass.hr,,,error_fetch
https://kiaofduluth.com,,,error_fetch
https://tupperware.es,,,error_fetch
https://powerint.cn,http://powerint.cn/apple-touch-icon.png,logos/powerint.cn_21876b64.png,
https://lvs-oxford.org.uk,,,error_fetch
https://vans.es,,,error_fetch
https://linexofjoliet.com,http://linexofjoliet.com/favicon.ico,logos/linexofjoliet.com_198b85d4.png,
https://mazdaofpottstown.com,,,error_fetch
https://demeter-im-norden.de,,,error_fetch
https://renaultmerida.com.mx,,,error_fetch
https://decathlon.ch,,,error_fetch
https://toyota-rillieux.fr,,,error_fetch
https://toyota-annecy.fr,,,error_fetch
https://pingusenglish.co.id,,,error_fetch
https://mazda-warszawa-auto2000.pl,,,error_fetch
https://kiaofpa.com,,,error_fetch
https://mazdaofnorthmiami.com,,,error_fetch
https://mazda.com.sg,,,error_fetch
https://metlife.co.kr,,,error_fetch
https://wurth-int.com,,,error_fetch
https://acetoolonline.com,http://acetoolonline.com/favicon.ico,logos/acetoolonline.com_e58440ee.png,
https://lindehomecare.fr,http://lindehomecare.fr/favicon.ico,logos/lindehomecare.fr_42219455.jpg,
https://tbwaalif.com,https://s.turbifycdn.com/yf/nrp/image/turbify/turbify-logo-v1-purple.svg,logos/tbwaalif.com_da05638d.svg,
https://renaultsancosme.com.mx,,,error_fetch
https://renaultcampeche.mx,,,error_fetch
https://renaulttlalnepantla.com.mx,,,error_fetch
https://allianz.com.gr,,,error_fetch
https://toyotaortakoy.com.tr,,,error_fetch
https://medef-somme.fr,,,error_fetch
https://astrazeneca.hu,,,error_fetch
https://renault.no,,,error_fetch
https://truckcityford.com,,,error_fetch
https://decathlon.hu,,,error_fetch
https://lamborghini-paris.com,http://lamborghini-paris.com/apple-touch-icon-precomposed.png,logos/lamborghini-paris.com_dfb3b516.png,
https://modshair-mannheim.de,,,error_fetch
https://veka.pt,,,error_fetch
https://soneparfrance.fr,,,error_fetch
https://decathlon.com.tr,,,error_fetch
https://lidl.lt,,,error_fetch
https://greatplacetowork.com.ar,http://greatplacetowork.com.ar/favicon.ico,logos/greatplacetowork.com.ar_4b0f7d26.png,
https://myron.ca,,,error_fetch
https://nestle.com.vn,,,error_fetch
https://saint-gobain.ru,,,error_fetch
https://aamcoconwaysc.com,,,error_fetch
https://intersport.com.cy,,,error_fetch
https://tevamexico.com.mx,,,error_fetch
https://ymcachicago.org,,,error_fetch
https://aamco-omahasouth.com,,,error_fetch
https://kia-kmv.ru,,,error_fetch
https://nestle.mk,,,error_fetch
https://cafelasmargaritas.es,,,error_fetch
https://aamcowintervillenc.com,,,error_fetch
https://lidl-ni.co.uk,,,error_fetch
https://nestle.bg,,,error_fetch
https://nestle.ch,,,error_fetch
https://aamco-bellevue.com,,,error_fetch
https://mazdaofwestridge.com,,,error_fetch
https://wurthindustry.ca,,,error_fetch
https://shimadzu.com.ph,,,error_fetch
https://canon.cl,,,error_fetch
https://shimadzu-rika.co.jp,,,error_fetch
https://mazda112.com,,,error_fetch
https://wurth.com.tw,http://wurth.com.tw/favicon.ico,logos/wurth.com.tw_35396cae.jpg,
https://aamco-newbraunfels.com,,,error_fetch
https://aamco-omahawest.com,,,error_fetch
https://aamcopinevillenc.com,,,error_fetch
https://soventix.cl,http://soventix.cl/favicon.ico,logos/soventix.cl_dd478d4c.jpg,
https://mazda-krakow-kazokuluzar.pl,,,error_fetch
https://starkeypro.com,http://starkeypro.com/favicon.ico,logos/starkeypro.com_923bb816.png,
https://wurth.ae,http://wurth.ae/favicon.ico,logos/wurth.ae_286bd33c.png,
https://decathlon.com.br,http://decathlon.com.br/favicon.ico,logos/decathlon.com.br_d228c343.png,
https://intersport-rent.fr,,,error_fetch
https://carlsjr.co.nz,,,error_fetch
https://acurasouthpoint.com,http://acurasouthpoint.com/favicon.ico,logos/acurasouthpoint.com_d0b7d359.jpg,
https://nissanofopelousas.com,http://nissanofopelousas.com/favicon.ico,logos/nissanofopelousas.com_bca18f05.png,
https://invisalign.co.uk,http://invisalign.co.uk/favicon.ico,logos/invisalign.co.uk_d8558a4d.svg,
https://davesmithfordonline.net,http://davesmithfordonline.net/favicon.ico,logos/davesmithfordonline.net_c6c78991.png,
https://decathlon.ro,,,error_fetch
https://renaultchiapas.com.mx,,,error_fetch
https://decathlon.pl,,,error_fetch
https://nutriciababy.be,,,error_fetch
https://renaultinterlomas.com,,,error_fetch
https://kiaofstcatharines.com,,,error_fetch
https://mazdaoforange.com,,,error_fetch
https://renaultamericas.com.mx,,,error_fetch
https://amnesty.org.ng,http://amnesty.org.ng/favicon.ico,logos/amnesty.org.ng_c82efe38.jpg,
https://nissanattheavenues.com,http://nissanattheavenues.com/favicon.ico,logos/nissanattheavenues.com_bca18f05.png,
https://mazdaofportcharlotte.com,,,error_fetch
https://kiaofverobeach.com,,,error_fetch
https://sonepar.pt,,,error_fetch
https://renaultcoatzacoalcos.com.mx,,,error_fetch
https://oaklandwoodfloors.net,http://oaklandwoodfloors.net/favicon.ico,logos/oaklandwoodfloors.net_ff92a601.svg,
https://cdlvideira.com.br,,,error_fetch
https://sephora.dk,,,error_fetch
https://kiavacaville.com,,,error_fetch
https://howdengroupholdings.com,,,error_fetch
https://nestle.com.tw,,,error_fetch
https://kiajc.com,,,error_fetch
https://mazdacorpuschristi.com,,,error_fetch
https://bakertilly.com.cy,,,error_fetch
https://savethechildren.nl,,,error_fetch
https://decathlon.cz,,,error_fetch
https://kiaofwestchester.com,,,error_fetch
https://mazdaofchicagoland.com,,,error_fetch
https://vans.nl,,,error_fetch
https://chicco.com.tw,,,error_fetch
https://mazdaofsouthcharlotte.com,,,error_fetch
https://allianz-spm.fr,,,error_fetch
https://isuzu.com,,,error_fetch
https://skodalondon.com,http://skodalondon.com/favicon.ico,logos/skodalondon.com_dc8a4b12.jpg,
https://medef-nouvelle-aquitaine.fr,http://medef-nouvelle-aquitaine.fr/favicon.ico,logos/medef-nouvelle-aquitaine.fr_aa2b25e8.ico,
https://yves-rocher.at,,,error_fetch
https://yves-rocher.se,,,error_fetch
https://risogallo.it,,,error_fetch
https://renaultpuertovallarta.com.mx,,,error_fetch
https://renaultcancun.com.mx,,,error_fetch
https://desjoyaux.com.cn,http://desjoyaux.com.cn/favicon.ico,logos/desjoyaux.com.cn_d4fcec53.png,
https://astrazeneca.no,,,error_fetch
https://fmc-symposium.cz,,,error_fetch
https://xella-colloquium.berlin,,,error_fetch
https://gallant-ocean.com.tw,,,error_fetch
https://thebodyshop.com.tr,,,error_fetch
https://sephora.gr,,,error_fetch
https://repsol.com.mx,,,error_fetch
https://nestle.pl,,,error_fetch
https://lidl-voyages.fr,,,error_fetch
https://nestle.se,,,error_fetch
https://aamcowarrenmi.com,,,error_fetch
https://metagenics.co.jp,,,error_fetch
https://nestle.at,,,error_fetch
https://allianz-assistance.ie,,,error_fetch
https://medef-paysdelaloire.fr,http://medef-paysdelaloire.fr/favicon.ico,logos/medef-paysdelaloire.fr_aa2b25e8.ico,
https://nestle-caribbean.com,,,error_fetch
https://aamcogastonianc.com,,,error_fetch
https://nestle.com.ve,,,error_fetch
https://medef79.fr,http://medef79.fr/favicon.ico,logos/medef79.fr_aa2b25e8.ico,
https://wurth.co.nz,http://wurth.co.nz/apple-touch-icon-precomposed.png,logos/wurth.co.nz_bbfdc558.jpg,
https://nestle.no,,,error_fetch
https://nestle.ro,,,error_fetch
https://moog.es,,,no_logo_found
https://acuraofwappingersfalls.com,,,error_fetch
https://wwf.org.nz,,,error_fetch
https://tescomobile.sk,,,error_fetch
https://manpower.co.za,,,error_fetch
https://mazdaoforlandpark.com,,,error_fetch
https://sephora.pt,,,error_fetch
https://medef-anjou.fr,http://medef-anjou.fr/favicon.ico,logos/medef-anjou.fr_aa2b25e8.ico,
https://monster.ie,,,error_fetch
https://allianz.ua,,,error_fetch
https://mercyships.org.au,,,error_fetch
https://vans.fr,,,error_fetch
https://yvesrocher.com.tr,,,error_fetch
https://allianz.ie,,,error_fetch
https://mazdaofconshohocken.com,,,error_fetch
https://renaultecatepec.com.mx,,,error_fetch
https://renaultpachuca.com.mx,,,error_fetch
https://saint-gobain.com.co,,,error_fetch
https://kesz.rs,,,error_fetch
https://mazdafwb.com,,,error_fetch
https://nestle.si,,,error_fetch
https://mazdaofescondido.com,,,error_fetch
https://monster.be,,,error_fetch
https://renaultmonterrey.com,,,error_fetch
https://isover.se,,,error_fetch
https://tupperware.com.vn,,,error_fetch
https://mazdaofalexandria.com,,,error_fetch
https://monster.co.uk,,,error_fetch
https://nikon.com.sg,,,error_fetch
https://aiesec.my,,,error_fetch
https://astrazeneca.dk,,,error_fetch
https://saint-gobain.ar,,,error_fetch
https://isover.com.br,,,error_fetch
https://nestle.hr,,,error_fetch
https://isover.de,,,error_fetch
https://isover.ua,,,error_fetch
https://genya.it,,,error_fetch
https://atalian.sg,,,error_fetch
https://toyota-chartres.fr,,,error_fetch
https://toyota-corbeil.fr,,,error_fetch
https://toyota-montluel.fr,,,error_fetch
https://tapflo.co.za,,,error_fetch
https://foxinaboxlondon.uk,,,error_fetch
https://stanbicbank.co.bw,,,error_fetch
https://renault-chihuahua.com,,,error_fetch
https://renaulttepic.mx,,,error_fetch
https://monster.se,,,error_fetch
https://renaultpatriotismo.com.mx,,,error_fetch
https://nutricia.nl,,,error_fetch
https://allianz-handwerker.de,,,error_fetch
https://papajohns.co.nl,,,error_fetch
https://nutricia.ie,,,error_fetch
https://lindeoilandgas.com,,,error_fetch
https://norauto.com,,,error_fetch
https://lidl.lv,,,error_fetch
https://nestle.ir,,,error_fetch
https://nestle.do,,,error_fetch
https://weidner.ca,,,error_fetch
https://nestle.fi,,,error_fetch
https://yves-rocher.ch,,,error_fetch
https://isover.it,,,error_fetch
https://hondaheritagecenter.com,,,error_fetch
https://babble.com,,,error_fetch
https://nestle.co.nz,,,error_fetch
https://isover.lv,,,error_fetch
https://aamco-omahanorth.com,,,error_fetch
https://nutricia.de,,,error_fetch
https://lidl.lu,,,error_fetch
https://isover.com.ar,,,error_fetch
https://aamcofuquayvarinanc.com,,,error_fetch
https://dmcihomes.jp,,,error_fetch
https://duracell.in,,,error_fetch
https://budget-egypt.com,,,no_logo_found
https://aamcolasvegas.com,,,error_fetch
https://starkey.co.uk,,,error_fetch
https://aamco-corpuschristi.com,,,error_fetch
https://duracell.com.tr,,,error_fetch
https://aamcoyumaaz.com,,,error_fetch
https://aad-insurance.com,,,no_logo_found
https://duracell.es,,,error_fetch
https://starbucks.com.sg,,,no_logo_found
https://starkey.co.kr,,,no_logo_found
https://kiaofoldsaybrook.com,,,error_fetch
https://mazdaofcolumbia.com,,,error_fetch
https://infiniti.com.tw,,,error_fetch
https://scte-prod.herokuapp.com,,,error_fetch
https://nikon-mea.com,,,error_fetch
https://lindt.cz,,,error_fetch
https://nissanofgardencity.com,,,error_fetch
https://daikin-korea.co.kr,,,error_fetch
https://nikon.co.th,,,error_fetch
https://avis-taiwan.com,,,error_fetch
https://wuerth.com.ph,http://wuerth.com.ph/favicon.ico,logos/wuerth.com.ph_286bd33c.png,
https://freseniuskidneycare.cn,,,error_fetch
https://isuzubarcs.hu,http://isuzubarcs.hu/favicon.ico,logos/isuzubarcs.hu_ac229852.svg,
https://allianzportugal.pt,,,error_fetch
https://sonepar.com.sg,,,error_fetch
https://dci.co.th,,,error_fetch
https://metlife.com.uy,,,error_fetch
https://saint-gobain-solutions.nl,,,error_fetch
https://thebodyshop.com.br,,,error_fetch
https://nestle-mena.com,,,error_fetch
https://kiamotors.com.kh,,,error_fetch
https://mazda.com.kh,,,error_fetch
https://aamcowsa.com,,,error_fetch
https://digilite.com.au,,,error_fetch
https://263.net.cn,,,no_logo_found
https://patheon.com,,,error_fetch
https://wurth.com.vn,http://wurth.com.vn/favicon.ico,logos/wurth.com.vn_a7d8b13f.png,
https://lghealthjobs.org,,,error_fetch
https://cdlniteroi.com.br,http://cdlniteroi.com.br/favicon.ico,logos/cdlniteroi.com.br_d3431337.png,
https://msd-animal-health.es,,,error_fetch
https://orange-bissau.com,,,error_fetch
https://vans.com.ar,,,error_fetch
https://linak.com.br,,,error_fetch
https://africell.ao,,,error_fetch
https://mtn.co.rw,,,error_fetch
https://daikin-china.com.cn,,,error_fetch
https://linak.nl,,,error_fetch
https://mcdonalds.co.za,,,error_fetch
https://sitechsolutions.com,,,error_fetch
https://intersport.si,,,error_fetch
https://tupperware.be,,,error_fetch
https://mcdonalds.ma,,,error_fetch
https://altenromania.ro,,,error_fetch
https://manpowergroup.ca,,,error_fetch
https://wuerth.co.th,,,error_fetch
https://axa-assistance.ma,,,error_fetch
https://mcvitiesindia.com,,,error_fetch
https://linak-latinamerica.com,,,error_fetch
https://orange.co.bw,,,error_fetch
https://linak.kr,,,error_fetch
https://allianz.com.ar,,,error_fetch
https://mitsubishielectric.com.sg,,,error_fetch
https://captrain.pl,,,error_fetch
https://kelloggs.gr,,,error_fetch
https://sanlorenzo.com.pe,,,error_fetch
https://kelloggs.no,,,error_fetch
https://linak.cz,,,error_fetch
https://linak.de,,,error_fetch
https://mcdonalds.com.jo,,,error_fetch
https://wurth.co.ke,,,error_fetch
https://path-solutions.com,,,error_fetch
https://linak.es,,,error_fetch
https://aamcogreensburgpa.com,,,error_fetch
https://tapflo.at,https://tapflo.at/favicon.ico,logos/tapflo.at_67fa0b68.ico,
https://toyota.com.co,https://toyota.com.co/favicon.ico,logos/toyota.com.co_a02ebcb2.png,
https://overheaddooraz.com,https://overheaddooraz.com/favicon.ico,logos/overheaddooraz.com_9a745e54.svg,
https://einhell.pl,https://einhell.pl/favicon.ico,logos/einhell.pl_1c889748.png,
https://rjelinek.cl,https://rjelinek.cl/favicon.ico,logos/rjelinek.cl_e39b8285.png,
https://foxinaboxmiami.com,https://foxinaboxmiami.com/favicon.ico,logos/foxinaboxmiami.com_53b4fbc3.ico,
https://fimacf.africa,https://fimacf.africa/favicon.ico,logos/fimacf.africa_7acac908.png,
https://mercyships.be,https://mercyships.be/apple-touch-icon.png,logos/mercyships.be_96240bb8.png,
https://solatube.co.uk,https://solatube.co.uk/favicon.ico,logos/solatube.co.uk_a2a7bd1d.ico,
https://kia.com.ni,https://kia.com.ni/favicon.ico,logos/kia.com.ni_532aae76.png,
https://aiesec.gr,https://aiesec.gr/favicon.ico,logos/aiesec.gr_b07373a3.jpg,
https://kia-mouscron.be,https://kia-mouscron.be/favicon.ico,logos/kia-mouscron.be_98260f6e.png,
https://ilmercatoambacht.nl,https://ilmercatoambacht.nl/favicon.ico,logos/ilmercatoambacht.nl_5cf4a8d2.png,
https://mediqdirekt.hu,https://mediqdirekt.hu/favicon.ico,logos/mediqdirekt.hu_c49fb395.ico,
https://gulfcombustibles.com,https://gulfcombustibles.com/apple-touch-icon.png,logos/gulfcombustibles.com_8e4d2ab5.png,
https://toyotahonduras.com,https://toyotahonduras.com/favicon.ico,logos/toyotahonduras.com_fd5fb70f.png,
https://vantagepoint.co.id,https://vantagepoint.co.id/apple-touch-icon.png,logos/vantagepoint.co.id_9c470785.png,
https://seats2meetstationdenbosch.nl,https://seats2meetstationdenbosch.nl/favicon.ico,logos/seats2meetstationdenbosch.nl_ba5d3d4e.png,
https://subaruqatar.com,https://subaruqatar.com/favicon.ico,logos/subaruqatar.com_c75b1534.png,
https://stockco.co.nz,https://stockco.co.nz/apple-touch-icon.png,logos/stockco.co.nz_11fa5517.png,
https://aeccglobal.com.bd,https://aeccglobal.com.bd/favicon.ico,logos/aeccglobal.com.bd_a0526eb4.png,
https://hyundaitgv.ro,https://hyundaitgv.ro/favicon.ico,logos/hyundaitgv.ro_56a8089b.png,
https://titancontainers.com.tr,https://titancontainers.com.tr/favicon.ico,logos/titancontainers.com.tr_3f4c2445.png,
https://europcar.me,https://europcar.me/apple-touch-icon.png,logos/europcar.me_3c72ccb7.png,
https://cdltresrios.com.br,https://cdltresrios.com.br/apple-touch-icon-precomposed.png,logos/cdltresrios.com.br_a77e2039.png,
https://julis-bayern.de,https://julis-bayern.de/favicon.ico,logos/julis-bayern.de_e3335591.png,
https://rotarygranada.es,https://rotarygranada.es/favicon.ico,logos/rotarygranada.es_7e47e857.ico,
https://budget.com.do,https://budget.com.do/favicon.ico,logos/budget.com.do_1371a9b0.ico,
https://hondatygerberg.co.za,https://hondatygerberg.co.za/favicon.ico,logos/hondatygerberg.co.za_2e444613.png,
https://unitecnica-us.com,https://unitecnica-us.com/favicon.ico,logos/unitecnica-us.com_72c2627c.png,
https://fleishmanhillard.co.id,https://fleishmanhillard.co.id/favicon.ico,logos/fleishmanhillard.co.id_aa449c65.png,
https://eis.com.tr,https://eis.com.tr/apple-touch-icon-precomposed.png,logos/eis.com.tr_5a546fcc.gif,
https://greatplacetowork.ch,https://greatplacetowork.ch/apple-touch-icon.png,logos/greatplacetowork.ch_136ee4ff.png,
https://svnnc.com,https://svnnc.com/favicon.ico,logos/svnnc.com_b4e10a98.png,
https://job-impulse.pt,https://job-impulse.pt/favicon.ico,logos/job-impulse.pt_808f7369.jpg,
https://immanuelalbertinen.de,https://immanuelalbertinen.de/favicon.ico,logos/immanuelalbertinen.de_4246920d.png,
https://cinnabon.mx,https://cinnabon.mx/favicon.ico,logos/cinnabon.mx_d1855bdd.png,
https://whirlpoolservice.co.uk,https://whirlpoolservice.co.uk/favicon.ico,logos/whirlpoolservice.co.uk_cea78b80.ico,
https://telehouse.co.th,https://telehouse.co.th/favicon.ico,logos/telehouse.co.th_b4398035.png,
https://atalian.nl,https://atalian.nl/favicon.ico,logos/atalian.nl_cd8a26de.gif,
https://aviabienert.de,https://aviabienert.de/favicon.ico,logos/aviabienert.de_38402345.ico,
https://intersport.nl,https://intersport.nl/favicon.ico,logos/intersport.nl_f5e329b5.png,
https://bakertilly.mu,https://bakertilly.mu/favicon.ico,logos/bakertilly.mu_d2cff012.svg,
https://budget.bg,https://budget.bg/favicon.ico,logos/budget.bg_66b1fef8.ico,
https://inductotherm.com.tr,https://inductotherm.com.tr/apple-touch-icon.png,logos/inductotherm.com.tr_6712a751.png,
https://axa.com.br,https://axa.com.br/favicon.ico,logos/axa.com.br_44e91bed.ico,
https://gracehomes.us,https://gracehomes.us/favicon.ico,logos/gracehomes.us_73dd29d3.png,
https://pkf.pt,https://pkf.pt/favicon.ico,logos/pkf.pt_433e5044.svg,
https://kind-der-stadt.at,https://kind-der-stadt.at/favicon.ico,logos/kind-der-stadt.at_9301e598.jpg,
https://ctdi.in,https://ctdi.in/favicon.ico,logos/ctdi.in_26289ce2.svg,
https://miniso.ge,https://miniso.ge/favicon.ico,logos/miniso.ge_b479d0b9.svg,
https://mazda-bielskobiala-autogazda.pl,https://mazda-bielskobiala-autogazda.pl/favicon.ico,logos/mazda-bielskobiala-autogazda.pl_331070bb.svg,
https://tasuki-holdings.co.jp,https://tasuki-holdings.co.jp/favicon.ico,logos/tasuki-holdings.co.jp_ca32432d.ico,
https://hertz-autopujcovna.cz,https://hertz-autopujcovna.cz/favicon.ico,logos/hertz-autopujcovna.cz_a9fe136c.png,
https://europa-union-sachsen.de,https://europa-union-sachsen.de/favicon.ico,logos/europa-union-sachsen.de_95b0eadc.jpg,
https://solatubescotland.co.uk,https://solatubescotland.co.uk/favicon.ico,logos/solatubescotland.co.uk_b17a07c2.ico,
https://mateco.bg,https://mateco.bg/favicon.ico,logos/mateco.bg_e684a483.svg,
https://nexigroup.com,https://nexigroup.com/favicon.ico,logos/nexigroup.com_56b6ba88.png,
https://tupperware.com.ar,https://tupperware.com.ar/apple-touch-icon.png,logos/tupperware.com.ar_09daee51.jpg,
https://shimadzu.com.br,https://shimadzu.com.br/favicon.ico,logos/shimadzu.com.br_49502751.ico,
https://k-startupcenter.org,https://k-startupcenter.org/favicon.ico,logos/k-startupcenter.org_0a676bc4.png,
https://linde-gas.fr,https://linde-gas.fr/favicon.ico,logos/linde-gas.fr_f0beeb63.png,
https://bbraun.ec,https://bbraun.ec/favicon.ico,logos/bbraun.ec_3b427163.png,
https://sitechdo.com.mx,https://sitechdo.com.mx/favicon.ico,logos/sitechdo.com.mx_5df4586c.png,
https://aamconorthwestfwy-houston.com,https://aamconorthwestfwy-houston.com/favicon.ico,logos/aamconorthwestfwy-houston.com_adfcaa9e.svg,
https://repsol.no,https://repsol.no/favicon.ico,logos/repsol.no_8bf70d45.png,
https://thelocal.ch,https://thelocal.ch/favicon.ico,logos/thelocal.ch_019b12b5.svg,
https://bakertilly.pt,https://bakertilly.pt/favicon.ico,logos/bakertilly.pt_80f34176.png,
https://pamarco.co.uk,https://pamarco.co.uk/favicon.ico,logos/pamarco.co.uk_663d7d7e.png,
https://schaumann.cz,https://schaumann.cz/favicon.ico,logos/schaumann.cz_cea3578d.png,
https://actemium.co.uk,https://actemium.co.uk/favicon.ico,logos/actemium.co.uk_c9a66eb2.png,
https://alosindustrials.com,https://alosindustrials.com/favicon.ico,logos/alosindustrials.com_7f9169ef.jpg,
https://cdlvitoria.com.br,https://cdlvitoria.com.br/favicon.ico,logos/cdlvitoria.com.br_758a7469.png,
https://mtn.zm,https://mtn.zm/apple-touch-icon-precomposed.png,logos/mtn.zm_8f224aff.svg,
https://meggle-group.com,https://meggle-group.com/favicon.ico,logos/meggle-group.com_400fc754.png,
https://asendia.co.uk,https://asendia.co.uk/favicon.ico,logos/asendia.co.uk_bdca1c34.png,
https://sprachschule-aktiv.de,https://sprachschule-aktiv.de/apple-touch-icon.png,logos/sprachschule-aktiv.de_f3def725.ico,
https://culliganindiana.com,https://culliganindiana.com/favicon.ico,logos/culliganindiana.com_52691706.ico,
https://aontravpro.com,https://aontravpro.com/favicon.ico,logos/aontravpro.com_055afb84.png,
https://intersport.it,https://intersport.it/favicon.ico,logos/intersport.it_88d2b154.svg,
https://bbraun.cl,https://bbraun.cl/favicon.ico,logos/bbraun.cl_c9bcb267.png,
https://kia-hoff-trier.de,https://kia-hoff-trier.de/favicon.ico,logos/kia-hoff-trier.de_938845ac.jpg,
https://newson-gale.co.uk,https://newson-gale.co.uk/favicon.ico,logos/newson-gale.co.uk_c335146c.webp,
https://jungheinrich.in,https://jungheinrich.in/favicon.ico,logos/jungheinrich.in_a117edd8.ico,
https://kia.pt,https://kia.pt/favicon.ico,logos/kia.pt_98244f92.ico,
https://jungheinrich.com.br,https://jungheinrich.com.br/favicon.ico,logos/jungheinrich.com.br_a117edd8.ico,
https://aamcoeastpointga.com,https://aamcoeastpointga.com/favicon.ico,logos/aamcoeastpointga.com_adfcaa9e.svg,
https://bauder.be,https://bauder.be/favicon.ico,logos/bauder.be_9185cd3a.png,
https://teztour.lt,https://teztour.lt/favicon.ico,logos/teztour.lt_db54443d.png,
https://mersen.com.tr,https://mersen.com.tr/favicon.ico,logos/mersen.com.tr_4b37f57a.jpg,
https://amway.it,https://amway.it/favicon.ico,logos/amway.it_ebe26be0.ico,
https://mazda-lodz-matsuoka.pl,https://mazda-lodz-matsuoka.pl/favicon.ico,logos/mazda-lodz-matsuoka.pl_16a051c0.png,
https://nidek.com,https://nidek.com/favicon.ico,logos/nidek.com_25472310.ico,
https://holidayland-dorfen.de,https://holidayland-dorfen.de/favicon.ico,logos/holidayland-dorfen.de_05c461c9.png,
https://aamcorochesterny.com,https://aamcorochesterny.com/favicon.ico,logos/aamcorochesterny.com_adfcaa9e.svg,
https://murrelektronik.at,https://murrelektronik.at/favicon.ico,logos/murrelektronik.at_899a0e99.png,
https://leroymerlin.co.za,https://leroymerlin.co.za/apple-touch-icon.png,logos/leroymerlin.co.za_16c8b7c6.svg,
https://hennessyfunds.com,https://hennessyfunds.com/favicon.ico,logos/hennessyfunds.com_5dbf63fb.png,
https://culliganminneapolis.com,https://culliganminneapolis.com/favicon.ico,logos/culliganminneapolis.com_4e3f620a.png,
https://subway.co.id,https://subway.co.id/favicon.ico,logos/subway.co.id_d7e7f520.png,
https://laborelec.com,https://laborelec.com/favicon.ico,logos/laborelec.com_274d6d71.png,
https://mazda-autohaus-gollan-hamm.de,https://mazda-autohaus-gollan-hamm.de/favicon.ico,logos/mazda-autohaus-gollan-hamm.de_d690d09f.svg,
https://freeportwestselfstorage.com,https://freeportwestselfstorage.com/favicon.ico,logos/freeportwestselfstorage.com_756a57de.png,
https://aamcomiami-birdroad.com,https://aamcomiami-birdroad.com/favicon.ico,logos/aamcomiami-birdroad.com_adfcaa9e.svg,
https://aamcoescondido.com,https://aamcoescondido.com/favicon.ico,logos/aamcoescondido.com_adfcaa9e.svg,
https://aamcoaustin-burnetrd.com,https://aamcoaustin-burnetrd.com/favicon.ico,logos/aamcoaustin-burnetrd.com_615a9a97.svg,
https://rocatiles.com,https://rocatiles.com/favicon.ico,logos/rocatiles.com_7a015a23.png,
https://nerdsonsite.co.za,https://nerdsonsite.co.za/favicon.ico,logos/nerdsonsite.co.za_d5b56084.png,
https://pingusenglish.ee,https://pingusenglish.ee/favicon.ico,logos/pingusenglish.ee_6d3d8e94.ico,
https://decathlon.com.kh,https://decathlon.com.kh/favicon.ico,logos/decathlon.com.kh_9da835e4.png,
https://solatubegalicia.com,https://solatubegalicia.com/favicon.ico,logos/solatubegalicia.com_88418408.png,
https://autosecuritas-ctlp.fr,https://autosecuritas-ctlp.fr/favicon.ico,logos/autosecuritas-ctlp.fr_0e373fc6.png,
https://zkteco.me,https://zkteco.me/favicon.ico,logos/zkteco.me_764d4ce8.ico,
https://isuzu.co.mz,https://isuzu.co.mz/favicon.ico,logos/isuzu.co.mz_6c4c9af9.svg,
https://forpsi.pl,,,no_logo_found
https://nissanmanufacturing.com,https://nissanmanufacturing.com/apple-touch-icon-precomposed.png,logos/nissanmanufacturing.com_10a87a56.png,
https://secureparkingusa.com,https://secureparkingusa.com/favicon.ico,logos/secureparkingusa.com_636f574b.png,
https://gulf.com.mk,https://gulf.com.mk/favicon.ico,logos/gulf.com.mk_b71a72f9.png,
https://monitus.com,https://monitus.com/favicon.ico,logos/monitus.com_945b486d.png,
https://toyotabatangas.com.ph,https://toyotabatangas.com.ph/favicon.ico,logos/toyotabatangas.com.ph_21e3b4c3.png,
https://svndesertcommercial.com,https://svndesertcommercial.com/favicon.ico,logos/svndesertcommercial.com_427fa2e0.png,
https://renaultvercammen.be,https://renaultvercammen.be/favicon.ico,logos/renaultvercammen.be_7be1f584.png,
https://buffalotours.es,https://buffalotours.es/favicon.ico,logos/buffalotours.es_30d2d2aa.ico,
https://cinnabon.com.tr,https://cinnabon.com.tr/favicon.ico,logos/cinnabon.com.tr_522ccaf5.png,
https://andre-media.it,https://andre-media.it/favicon.ico,logos/andre-media.it_bcffa2b8.svg,
https://thisissowgood.com,https://thisissowgood.com/favicon.ico,logos/thisissowgood.com_503e0430.png,
https://pakuacanada.com,https://pakuacanada.com/favicon.ico,logos/pakuacanada.com_2c05f8f4.png,
https://algeco.si,https://algeco.si/favicon.ico,logos/algeco.si_52d477ca.jpg,
https://subarutijuana.mx,https://subarutijuana.mx/favicon.ico,logos/subarutijuana.mx_62e2a2af.png,
https://carlsjr.com.mx,https://carlsjr.com.mx/favicon.ico,logos/carlsjr.com.mx_c433a9d9.jpg,
https://blackroll.com.pl,https://blackroll.com.pl/favicon.ico,logos/blackroll.com.pl_072bb423.svg,
https://carglass.re,https://carglass.re/favicon.ico,logos/carglass.re_fc432df2.ico,
https://servier.it,https://servier.it/favicon.ico,logos/servier.it_87852277.png,
https://gs1ec.org,https://gs1ec.org/favicon.ico,logos/gs1ec.org_a2974ab6.png,
https://allianz.mg,https://allianz.mg/favicon.ico,logos/allianz.mg_abcfefb1.jpg,
https://servier.co.id,https://servier.co.id/favicon.ico,logos/servier.co.id_87852277.png,
https://tensar.com.cn,https://tensar.com.cn/favicon.ico,logos/tensar.com.cn_85b6cbeb.png,
https://apolloclinicguwahati.co.in,https://apolloclinicguwahati.co.in/favicon.ico,logos/apolloclinicguwahati.co.in_68e6ef94.png,
https://spie-wirliebenkabel.de,https://spie-wirliebenkabel.de/favicon.ico,logos/spie-wirliebenkabel.de_695772ed.svg,
https://toyota.co.tz,https://toyota.co.tz/favicon.ico,logos/toyota.co.tz_0235d47e.png,
https://job-impulse.sk,https://job-impulse.sk/favicon.ico,logos/job-impulse.sk_4aa18100.png,
https://julis-rhein-berg.de,https://julis-rhein-berg.de/favicon.ico,logos/julis-rhein-berg.de_0394ca9f.png,
https://malerasstockholm.se,https://malerasstockholm.se/favicon.ico,logos/malerasstockholm.se_96a4ab91.png,
https://julis-sachsenanhalt.de,https://julis-sachsenanhalt.de/favicon.ico,logos/julis-sachsenanhalt.de_5c5f9422.jpg,
https://neposystem.me,https://neposystem.me/apple-touch-icon-precomposed.png,logos/neposystem.me_f981581d.png,
https://rotarypublicschool.org,https://rotarypublicschool.org/favicon.ico,logos/rotarypublicschool.org_27c508fa.ico,
https://toysrus.de,https://toysrus.de/favicon.ico,logos/toysrus.de_b4eea607.png,
https://ubicast.tv,https://ubicast.tv/favicon.ico,logos/ubicast.tv_02de4059.png,
https://svnahia.com,https://svnahia.com/favicon.ico,logos/svnahia.com_7410f712.png,
https://pefc.cl,https://pefc.cl/favicon.ico,logos/pefc.cl_faf15429.svg,
https://gulfoilchina.com,https://gulfoilchina.com/favicon.ico,logos/gulfoilchina.com_58a56a84.svg,
https://gs1.ro,https://gs1.ro/favicon.ico,logos/gs1.ro_3d263f80.png,
https://pkfjnd.com,https://pkfjnd.com/favicon.ico,logos/pkfjnd.com_7f6e6e14.webp,
https://aon.lv,https://aon.lv/favicon.ico,logos/aon.lv_efc32789.png,
https://algeco.ro,https://algeco.ro/favicon.ico,logos/algeco.ro_6bf8e285.png,
https://kia.co.mz,https://kia.co.mz/favicon.ico,logos/kia.co.mz_26a3c754.png,
https://tbwa.com.hk,https://tbwa.com.hk/favicon.ico,logos/tbwa.com.hk_5869f59b.png,
https://scoutaerialafrica.com,https://scoutaerialafrica.com/apple-touch-icon.png,logos/scoutaerialafrica.com_dc8b0b17.png,
https://worldvision.co,https://worldvision.co/favicon.ico,logos/worldvision.co_a193fec9.png,
https://autosecuritas-tallard.fr,https://autosecuritas-tallard.fr/favicon.ico,logos/autosecuritas-tallard.fr_e5cb1e33.ico,
https://keasyfit.it,https://keasyfit.it/favicon.ico,logos/keasyfit.it_83abe40f.png,
https://mycabin.ie,https://mycabin.ie/favicon.ico,logos/mycabin.ie_fc068337.jpg,
https://budatec.de,https://budatec.de/favicon.ico,logos/budatec.de_878d0336.png,
https://bestdrive.fi,https://bestdrive.fi/favicon.ico,logos/bestdrive.fi_f7cc4196.png,
https://foxinaboxbrisbane.com,https://foxinaboxbrisbane.com/favicon.ico,logos/foxinaboxbrisbane.com_53b4fbc3.ico,
https://habitatindiana.org,https://habitatindiana.org/apple-touch-icon.png,logos/habitatindiana.org_494e0a0d.png,
https://durableonline.com.sg,https://durableonline.com.sg/apple-touch-icon.png,logos/durableonline.com.sg_7f71c1a2.jpg,
https://inductotherm.com.cn,https://inductotherm.com.cn/favicon.ico,logos/inductotherm.com.cn_6712a751.png,
https://mitsubishielectric.se,https://mitsubishielectric.se/favicon.ico,logos/mitsubishielectric.se_81bf21f7.ico,
https://trulynolenrecife.com.br,https://trulynolenrecife.com.br/favicon.ico,logos/trulynolenrecife.com.br_25106491.png,
https://affidea.pl,https://affidea.pl/favicon.ico,logos/affidea.pl_b5ba64d9.png,
https://decathlonkz.com,https://decathlonkz.com/favicon.ico,logos/decathlonkz.com_9365648d.png,
https://trulynolenpiaui.com.br,https://trulynolenpiaui.com.br/favicon.ico,logos/trulynolenpiaui.com.br_bbf1e246.png,
https://worldvisionamericalatina.org,https://worldvisionamericalatina.org/favicon.ico,logos/worldvisionamericalatina.org_36e1231c.png,
https://subwayfrance.fr,https://subwayfrance.fr/favicon.ico,logos/subwayfrance.fr_68d97ded.png,
https://attijariwafabank.com.eg,https://attijariwafabank.com.eg/favicon.ico,logos/attijariwafabank.com.eg_9e71553d.ico,
https://bestdrive.se,https://bestdrive.se/favicon.ico,logos/bestdrive.se_7971ac7a.png,
https://gulfoil.co.uk,https://gulfoil.co.uk/favicon.ico,logos/gulfoil.co.uk_5ee7ee0a.png,
https://tupperware.pl,https://tupperware.pl/favicon.ico,logos/tupperware.pl_5e8b954b.png,
https://nikonmetro1stg.wpengine.com,https://nikonmetro1stg.wpengine.com/favicon.ico,logos/nikonmetro1stg.wpengine.com_bc454728.svg,
https://atalian.lu,https://atalian.lu/favicon.ico,logos/atalian.lu_b540bd3e.png,
https://servier.ua,https://servier.ua/favicon.ico,logos/servier.ua_848f73d0.png,
https://daikinchemicals.co.th,https://daikinchemicals.co.th/apple-touch-icon.png,logos/daikinchemicals.co.th_1f9ab8fe.png,
https://sackit.no,https://sackit.no/favicon.ico,logos/sackit.no_36fd6240.png,
https://culliganwatercolorado.com,https://culliganwatercolorado.com/favicon.ico,logos/culliganwatercolorado.com_22eba032.png,
https://honda.com.bd,https://honda.com.bd/favicon.ico,logos/honda.com.bd_4ea4c55c.ico,
https://sitech-ws.com,https://sitech-ws.com/favicon.ico,logos/sitech-ws.com_1b1e36dd.png,
https://job-impulse.us,https://job-impulse.us/favicon.ico,logos/job-impulse.us_61eab5c9.png,
https://ccusa.nl,https://ccusa.nl/favicon.ico,logos/ccusa.nl_71bfcd38.jpg,
https://sitech.ch,https://sitech.ch/favicon.ico,logos/sitech.ch_d7dd889b.png,
https://subway.com.my,https://subway.com.my/favicon.ico,logos/subway.com.my_7e5f41d9.png,
https://pkfboi.nz,https://pkfboi.nz/favicon.ico,logos/pkfboi.nz_d65c6bee.ico,
https://zkteco.in,https://zkteco.in/favicon.ico,logos/zkteco.in_6ead97ef.png,
https://steelhousegroup.ee,https://steelhousegroup.ee/favicon.ico,logos/steelhousegroup.ee_315470c8.svg,
https://ercagroup.com.tr,https://ercagroup.com.tr/favicon.ico,logos/ercagroup.com.tr_4a7845bf.ico,
https://eru.com.ua,https://eru.com.ua/favicon.ico,logos/eru.com.ua_b1502184.ico,
https://matutis.de,https://matutis.de/favicon.ico,logos/matutis.de_16e5958f.webp,
https://culligandenkerwaterconditioning.com,https://culligandenkerwaterconditioning.com/favicon.ico,logos/culligandenkerwaterconditioning.com_22eba032.png,
https://cardif.pl,https://cardif.pl/apple-touch-icon.png,logos/cardif.pl_ac3852e9.svg,
https://kawasaki-magdeburg.de,https://kawasaki-magdeburg.de/apple-touch-icon.png,logos/kawasaki-magdeburg.de_c9cbf4ab.png,
https://bnpparibasdeveloppement.com,https://bnpparibasdeveloppement.com/favicon.ico,logos/bnpparibasdeveloppement.com_b02e5fe3.svg,
https://amnestyghana.org,https://amnestyghana.org/favicon.ico,logos/amnestyghana.org_f880e874.png,
https://insize.com.br,https://insize.com.br/favicon.ico,logos/insize.com.br_53dc5947.ico,
https://flashmed-lb.com,https://flashmed-lb.com/favicon.ico,logos/flashmed-lb.com_601ed249.png,
https://gs1.org.bo,https://gs1.org.bo/favicon.ico,logos/gs1.org.bo_ac29764d.png,
https://culligannation.com,https://culligannation.com/favicon.ico,logos/culligannation.com_7437becd.svg,
https://pkf.co.uk,https://pkf.co.uk/favicon.ico,logos/pkf.co.uk_86f0a7d6.webp,
https://ymcaup.org,https://ymcaup.org/favicon.ico,logos/ymcaup.org_b51cb734.png,
https://bakertillymlt.se,https://bakertillymlt.se/favicon.ico,logos/bakertillymlt.se_23edbe61.png,
https://ecotec-usa.com,https://ecotec-usa.com/favicon.ico,logos/ecotec-usa.com_52303a72.png,
https://logicvapes.co.uk,https://logicvapes.co.uk/favicon.ico,logos/logicvapes.co.uk_137d5bde.png,
https://lamborghinimontreal.com,https://lamborghinimontreal.com/favicon.ico,logos/lamborghinimontreal.com_8bc472bb.png,
https://servier.gr,https://servier.gr/favicon.ico,logos/servier.gr_87852277.png,
https://furuno.it,https://furuno.it/favicon.ico,logos/furuno.it_45cc74e9.ico,
https://adeccogroupfoundationus.org,https://adeccogroupfoundationus.org/favicon.ico,logos/adeccogroupfoundationus.org_77e0fa00.png,
https://avia.nl,https://avia.nl/favicon.ico,logos/avia.nl_69b070ec.png,
https://despat.com,https://despat.com/favicon.ico,logos/despat.com_0423bbbc.jpg,
https://specialistnutrition.us,https://specialistnutrition.us/favicon.ico,logos/specialistnutrition.us_a96d0e64.webp,
https://filatime.com,https://filatime.com/apple-touch-icon.png,logos/filatime.com_28ca157c.png,
https://orbico-kenoanyagok.hu,https://orbico-kenoanyagok.hu/favicon.ico,logos/orbico-kenoanyagok.hu_92aabdd8.ico,
https://isuzu-vietnam.com,https://isuzu-vietnam.com/favicon.ico,logos/isuzu-vietnam.com_c7f9daf7.gif,
https://cyrillus.com,https://cyrillus.com/favicon.ico,logos/cyrillus.com_b749e21a.svg,
https://autosecuritaslemoule.fr,https://autosecuritaslemoule.fr/favicon.ico,logos/autosecuritaslemoule.fr_0e373fc6.png,
https://fleishmanhillard.cz,https://fleishmanhillard.cz/favicon.ico,logos/fleishmanhillard.cz_6084b7b6.png,
https://inductotherm.com.au,https://inductotherm.com.au/favicon.ico,logos/inductotherm.com.au_8a98b78b.jpg,
https://century21viaplus.be,https://century21viaplus.be/favicon.ico,logos/century21viaplus.be_e56e4378.svg,
https://kawasaki-herzog.de,https://kawasaki-herzog.de/favicon.ico,logos/kawasaki-herzog.de_c9cbf4ab.png,
https://medef-dromeardeche.fr,https://medef-dromeardeche.fr/favicon.ico,logos/medef-dromeardeche.fr_aa2b25e8.ico,
https://wurth.rs,https://wurth.rs/favicon.ico,logos/wurth.rs_19affdd4.png,
https://overheaddoorkalamazoo.com,https://overheaddoorkalamazoo.com/favicon.ico,logos/overheaddoorkalamazoo.com_b24738f4.png,
https://cinnabon-ksa.com,https://cinnabon-ksa.com/favicon.ico,logos/cinnabon-ksa.com_8a79f6da.png,
https://krofian.de,https://krofian.de/favicon.ico,logos/krofian.de_c49fb395.ico,
https://jdimmigration.es,https://jdimmigration.es/favicon.ico,logos/jdimmigration.es_6c60d853.jpg,
https://tridentseafoods.jp,https://tridentseafoods.jp/favicon.ico,logos/tridentseafoods.jp_fc9d9131.svg,
https://servier.lv,https://servier.lv/favicon.ico,logos/servier.lv_87852277.png,
https://hansa-flex.us,https://hansa-flex.us/apple-touch-icon-precomposed.png,logos/hansa-flex.us_fd2a0503.png,
https://yord.pl,https://yord.pl/apple-touch-icon.png,logos/yord.pl_6dd923b8.ico,
https://aeccglobal.ng,https://aeccglobal.ng/favicon.ico,logos/aeccglobal.ng_a0526eb4.png,
https://cdlcuritiba.org.br,https://cdlcuritiba.org.br/favicon.ico,logos/cdlcuritiba.org.br_c7708d8e.png,
https://tbwa-entelia.com,https://tbwa-entelia.com/favicon.ico,logos/tbwa-entelia.com_a26c4640.ico,
https://pearson.com.cn,https://pearson.com.cn/favicon.ico,logos/pearson.com.cn_b3a34722.png,
https://lightspeedhq.mx,https://lightspeedhq.mx/favicon.ico,logos/lightspeedhq.mx_3302cfba.svg,
https://babgencel.de,https://babgencel.de/favicon.ico,logos/babgencel.de_6b6bc164.ico,
https://clearblueionizer.be,https://clearblueionizer.be/favicon.ico,logos/clearblueionizer.be_c8b49e33.png,
https://ecochillers.net,https://ecochillers.net/favicon.ico,logos/ecochillers.net_2da74f38.png,
https://rotary.no,https://rotary.no/favicon.ico,logos/rotary.no_5635d1c9.png,
https://experian.com.sg,https://www.experian.com.sg/wp-content/themes/apac/img/apple-touch-icon.png,logos/experian.com.sg_c3570e71.png,
https://inductotherm-group-france.fr,https://inductotherm-group-france.fr/favicon.ico,logos/inductotherm-group-france.fr_b001f317.png,
https://jysk.mk,,,no_logo_found
https://cdljovem.org.br,https://cdljovem.org.br/favicon.ico,logos/cdljovem.org.br_664ed1d1.ico,
https://job-impulse.mx,https://job-impulse.mx/favicon.ico,logos/job-impulse.mx_61eab5c9.png,
https://carter-benson.com,https://carter-benson.com/favicon.ico,logos/carter-benson.com_518040ee.png,
https://mazda-autohaus-flindt-marschacht.de,https://mazda-autohaus-flindt-marschacht.de/favicon.ico,logos/mazda-autohaus-flindt-marschacht.de_d690d09f.svg,
https://jdm.com.pe,https://jdm.com.pe/favicon.ico,logos/jdm.com.pe_922b5cb8.png,
https://dfsk.tn,https://dfsk.tn/favicon.ico,logos/dfsk.tn_a7d90786.png,
https://aonhewitt.com.cy,https://aonhewitt.com.cy/apple-touch-icon.png,logos/aonhewitt.com.cy_6c61f45b.ico,
https://pkfsingapore.com,https://pkfsingapore.com/favicon.ico,logos/pkfsingapore.com_d65c6bee.ico,
https://top-system.com.mk,https://top-system.com.mk/apple-touch-icon.png,logos/top-system.com.mk_455f14db.png,
https://pkf.com.cy,https://pkf.com.cy/favicon.ico,logos/pkf.com.cy_433e5044.svg,
https://pefc.se,https://pefc.se/favicon.ico,logos/pefc.se_a0681504.ico,
https://sto.es,https://sto.es/favicon.ico,logos/sto.es_f82a1826.png,
https://solutions30.nl,https://solutions30.nl/wp-content/uploads/2023/07/Solutions-30-pand-wagens-4-of-29.jpg,logos/solutions30.nl_7f09045e.png,
https://medef-seine-estuaire.fr,https://medef-seine-estuaire.fr/apple-touch-icon.png,logos/medef-seine-estuaire.fr_c1739249.svg,
https://vivaconagua.at,https://vivaconagua.at/favicon.ico,logos/vivaconagua.at_d4b462a2.png,
https://mateco-hungary.hu,https://mateco-hungary.hu/favicon.ico,logos/mateco-hungary.hu_375a3475.png,
https://pkf-central-america.com,https://pkf-central-america.com/favicon.ico,logos/pkf-central-america.com_d65c6bee.ico,
https://sitechnw.com,https://sitechnw.com/favicon.ico,logos/sitechnw.com_a531e410.png,
https://plastoplan.com,https://plastoplan.com/favicon.ico,logos/plastoplan.com_7cb925d7.png,
https://krautzberger.pl,https://krautzberger.pl/favicon.ico,logos/krautzberger.pl_f0bc8c75.png,
https://filterteknik.dk,https://filterteknik.dk/favicon.ico,logos/filterteknik.dk_333af39b.png,
https://solatube.no,https://solatube.no/favicon.ico,logos/solatube.no_b17a07c2.ico,
https://actemium.nl,https://actemium.nl/favicon.ico,logos/actemium.nl_bf9b90ff.ico,
https://hertz-tilburg.nl,https://hertz-tilburg.nl/favicon.ico,logos/hertz-tilburg.nl_e083d232.png,
https://menicon.co.uk,https://menicon.co.uk/favicon.ico,logos/menicon.co.uk_d57c4885.svg,
https://pingusenglish.vn,https://pingusenglish.vn/favicon.ico,logos/pingusenglish.vn_6d3d8e94.ico,
https://adra.ca,https://adra.ca/favicon.ico,logos/adra.ca_1a21068f.jpg,
https://kia-autoprodix.ru,https://kia-autoprodix.ru/favicon.ico,logos/kia-autoprodix.ru_df6126fe.png,
https://hondabintang.com,https://hondabintang.com/favicon.ico,logos/hondabintang.com_549d794d.webp,
https://jungheinrich.co.th,https://jungheinrich.co.th/favicon.ico,logos/jungheinrich.co.th_a117edd8.ico,
https://modshair-koeln-city.de,https://modshair-koeln-city.de/favicon.ico,logos/modshair-koeln-city.de_3bf2a200.jpg,
https://pmcorp.mx,https://pmcorp.mx/favicon.ico,logos/pmcorp.mx_0ea2c9db.ico,
https://bbraun.no,https://bbraun.no/favicon.ico,logos/bbraun.no_b791cb34.jpg,
https://pefc.org,https://pefc.org/favicon.ico,logos/pefc.org_a0681504.ico,
https://berlitz-bahrain.com,https://berlitz-bahrain.com/favicon.ico,logos/berlitz-bahrain.com_d76ff9e9.ico,
https://aiesec.org.rs,https://aiesec.org.rs/apple-touch-icon.png,logos/aiesec.org.rs_a8300143.png,
https://bestdrive.ie,https://bestdrive.ie/favicon.ico,logos/bestdrive.ie_9f8c1798.webp,
https://plameco-bonn.de,https://plameco-bonn.de/apple-touch-icon.png,logos/plameco-bonn.de_e95d9052.jpg,
https://daikin.al,https://daikin.al/favicon.ico,logos/daikin.al_896c3351.jpg,
https://equans.co,https://equans.co/favicon.ico,logos/equans.co_d1c84e26.jpg,
https://edenred.com.uy,https://edenred.com.uy/favicon.ico,logos/edenred.com.uy_4754b42d.svg,
https://asendia.es,https://asendia.es/favicon.ico,logos/asendia.es_bdca1c34.png,
https://duluxarabia.com,https://duluxarabia.com/favicon.ico,logos/duluxarabia.com_b5c8108d.png,
https://ptsv-hof-minigolf.de,https://ptsv-hof-minigolf.de/favicon.ico,logos/ptsv-hof-minigolf.de_72702eae.jpg,
https://julis-bremen.de,https://julis-bremen.de/favicon.ico,logos/julis-bremen.de_bfef01eb.png,
https://meggle.it,https://meggle.it/favicon.ico,logos/meggle.it_c0440776.ico,
https://mazda-autohaus-mork-rockenhausen.de,https://mazda-autohaus-mork-rockenhausen.de/favicon.ico,logos/mazda-autohaus-mork-rockenhausen.de_e30ad08e.png,
https://manpowergroup.gr,https://manpowergroup.gr/favicon.ico,logos/manpowergroup.gr_7c29b558.png,
https://ajaxtocco.de,https://ajaxtocco.de/favicon.ico,logos/ajaxtocco.de_b8187f2e.png,
https://vbh.ro,https://vbh.ro/favicon.ico,logos/vbh.ro_1ff5bc55.png,
https://greatplacetowork.is,https://greatplacetowork.is/favicon.ico,logos/greatplacetowork.is_2a62bdd6.ico,
https://titancontainers.fr,https://titancontainers.fr/favicon.ico,logos/titancontainers.fr_0e8fd630.webp,
https://gs1hr.org,https://gs1hr.org/favicon.ico,logos/gs1hr.org_b930cba4.png,
https://europcar.rs,https://europcar.rs/apple-touch-icon.png,logos/europcar.rs_1ece0197.png,
https://martinavenueshops.com,https://martinavenueshops.com/favicon.ico,logos/martinavenueshops.com_c8f2b71f.ico,
https://experianacademy.com,https://experianacademy.com/favicon.ico,logos/experianacademy.com_082348d4.png,
https://servier.com.ph,https://servier.com.ph/favicon.ico,logos/servier.com.ph_edc2af8e.png,
https://brother.co.il,https://brother.co.il/favicon.ico,logos/brother.co.il_45481503.ico,
https://rotarycoimbatoredowntown.org,https://rotarycoimbatoredowntown.org/favicon.ico,logos/rotarycoimbatoredowntown.org_78d2c37c.svg,
https://toyota.com.la,https://toyota.com.la/favicon.ico,logos/toyota.com.la_6696eebc.jpg,
https://kia-guenther-dingelstaedt.de,https://kia-guenther-dingelstaedt.de/favicon.ico,logos/kia-guenther-dingelstaedt.de_938845ac.jpg,
https://berlitzhautsdefrance.fr,https://berlitzhautsdefrance.fr/favicon.ico,logos/berlitzhautsdefrance.fr_04e9e011.jpg,
https://amway.ca,https://amway.ca/favicon.ico,logos/amway.ca_2bc3511f.png,
https://gwaliasweets.ca,https://gwaliasweets.ca/favicon.ico,logos/gwaliasweets.ca_e045ea7a.png,
https://bbraun.fi,https://bbraun.fi/favicon.ico,logos/bbraun.fi_b791cb34.jpg,
https://msmode.fr,https://msmode.fr/favicon.ico,logos/msmode.fr_44c8e41b.jpg,
https://aamcooflascruces.com,https://aamcooflascruces.com/favicon.ico,logos/aamcooflascruces.com_ce638950.jpg,
https://airbnb.co.kr,https://airbnb.co.kr/favicon.ico,logos/airbnb.co.kr_204f5be1.png,
https://ambiderm.com.gt,https://ambiderm.com.gt/favicon.ico,logos/ambiderm.com.gt_61ec6a44.svg,
https://cinnabon.ca,https://cinnabon.ca/favicon.ico,logos/cinnabon.ca_3f315e7a.jpg,
https://autosecuritas-ducos.fr,https://autosecuritas-ducos.fr/favicon.ico,logos/autosecuritas-ducos.fr_e5cb1e33.ico,
https://citychain.co.th,https://citychain.co.th/favicon.ico,logos/citychain.co.th_bdb9727d.png,
https://carlsjrmerida.com,https://carlsjrmerida.com/favicon.ico,logos/carlsjrmerida.com_8c964a18.ico,
https://synlab-notes.com,,,no_logo_found
https://mazda-autohaus-behrens-magdeburg-ottersleben.de,https://mazda-autohaus-behrens-magdeburg-ottersleben.de/favicon.ico,logos/mazda-autohaus-behrens-magdeburg-ottersleben.de_e30ad08e.png,
https://thelocal.at,https://thelocal.at/favicon.ico,logos/thelocal.at_f85ca141.svg,
https://experianidworks.com,https://experianidworks.com/favicon.ico,logos/experianidworks.com_0cc7770b.png,
https://titancontainers.ie,https://titancontainers.ie/favicon.ico,logos/titancontainers.ie_0ccbf8d7.webp,
https://secureparking.com.lb,https://secureparking.com.lb/favicon.ico,logos/secureparking.com.lb_1230779c.ico,
https://hyundaigatineau.ca,https://hyundaigatineau.ca/favicon.ico,logos/hyundaigatineau.ca_bcd5ba27.png,
https://biothanesolutions.com,https://biothanesolutions.com/favicon.ico,logos/biothanesolutions.com_62f968b1.png,
https://naturesrewardcoloredcauliflower.com,https://naturesrewardcoloredcauliflower.com/favicon.ico,logos/naturesrewardcoloredcauliflower.com_d58843a6.png,
https://saint-gobain.mk,https://saint-gobain.mk/favicon.ico,logos/saint-gobain.mk_39d3618b.png,
https://wedos.com,https://wedos.com/favicon.ico,logos/wedos.com_6ea0381f.jpg,
https://subway-franchise.fr,https://subway-franchise.fr/favicon.ico,logos/subway-franchise.fr_aed006a1.svg,
https://hsusports.com,https://hsusports.com/favicon.ico,logos/hsusports.com_95e51e22.svg,
https://astrazeneca.com.hk,https://astrazeneca.com.hk/favicon.ico,logos/astrazeneca.com.hk_34e87264.png,
https://holidayland-durmersheim.de,https://holidayland-durmersheim.de/favicon.ico,logos/holidayland-durmersheim.de_5c65b9a6.png,
https://nhszketpo.hu,https://nhszketpo.hu/favicon.ico,logos/nhszketpo.hu_6c4d05fb.ico,
https://ibc-solar.it,https://ibc-solar.it/favicon.ico,logos/ibc-solar.it_e3a10d93.png,
https://ibc-solar.co.za,https://ibc-solar.co.za/favicon.ico,logos/ibc-solar.co.za_c6eee589.png,
https://maxus-norddeutschland.de,https://maxus-norddeutschland.de/favicon.ico,logos/maxus-norddeutschland.de_a0d51db8.ico,
https://bcurelaser.com,https://bcurelaser.com/favicon.ico,logos/bcurelaser.com_f74b9fe4.png,
https://grantthornton.do,https://grantthornton.do/favicon.ico,logos/grantthornton.do_eb75ce12.ico,
https://kia-car-center-wismar.de,https://kia-car-center-wismar.de/favicon.ico,logos/kia-car-center-wismar.de_3adb77e9.svg,
https://kia-wandscher-oldenburg.de,https://kia-wandscher-oldenburg.de/favicon.ico,logos/kia-wandscher-oldenburg.de_938845ac.jpg,
https://lamborghini-stuttgart.com,https://lamborghini-stuttgart.com/apple-touch-icon.png,logos/lamborghini-stuttgart.com_419b6890.ico,
https://whatsonsaudiarabia.com,https://whatsonsaudiarabia.com/favicon.ico,logos/whatsonsaudiarabia.com_c8e711e2.png,
https://habitatcoosavalley.org,https://habitatcoosavalley.org/favicon.ico,logos/habitatcoosavalley.org_50fed7ed.png,
https://daikin-iraq.com,https://daikin-iraq.com/favicon.ico,logos/daikin-iraq.com_2853cd82.ico,
https://adra.nl,https://adra.nl/favicon.ico,logos/adra.nl_f58e2da0.png,
https://toyotaquezonavenue.com.ph,https://toyotaquezonavenue.com.ph/favicon.ico,logos/toyotaquezonavenue.com.ph_2b77373b.png,
https://airbnb.fr,https://airbnb.fr/favicon.ico,logos/airbnb.fr_8a0b5266.png,
https://kia-h-p-schiffweiler.de,https://kia-h-p-schiffweiler.de/favicon.ico,logos/kia-h-p-schiffweiler.de_938845ac.jpg,
https://adra.se,https://adra.se/favicon.ico,logos/adra.se_fcb2d555.png,
https://overheaddoorsrichmond.com,https://overheaddoorsrichmond.com/favicon.ico,logos/overheaddoorsrichmond.com_78d76e35.png,
https://macma.pl,https://macma.pl/favicon.ico,logos/macma.pl_b8587ce2.svg,
https://pkfea.com,https://pkfea.com/favicon.ico,logos/pkfea.com_d65c6bee.ico,
https://aliaxis-me.com,https://aliaxis-me.com/favicon.ico,logos/aliaxis-me.com_ee6b989b.png,
https://viacon.fi,https://viacon.fi/favicon.ico,logos/viacon.fi_f741be8b.png,
https://kiairaqnim.com,https://kiairaqnim.com/apple-touch-icon.png,logos/kiairaqnim.com_d0ecbf3e.png,
https://servier.at,https://servier.at/favicon.ico,logos/servier.at_848f73d0.png,
https://equansservices.com,https://equansservices.com/favicon.ico,logos/equansservices.com_d1c84e26.jpg,
https://duraclean.net,https://duraclean.net/favicon.ico,logos/duraclean.net_c9cc8b21.png,
https://ibc-solar.nl,https://ibc-solar.nl/favicon.ico,logos/ibc-solar.nl_cf4c2e5d.ico,
https://whisky.de,https://whisky.de/favicon.ico,logos/whisky.de_379c4179.jpg,
https://trikonclinicalwaste.co.uk,https://trikonclinicalwaste.co.uk/favicon.ico,logos/trikonclinicalwaste.co.uk_51ae2769.png,
https://renault.jo,https://renault.jo/favicon.ico,logos/renault.jo_64bf98cb.ico,
https://msd-animal-health.co.uk,https://www.msd-animal-health.co.uk/wp-content/uploads/sites/26/2023/03/chameleon.png,logos/msd-animal-health.co.uk_38a188c6.png,
https://pilotpen.hu,https://pilotpen.hu/favicon.ico,logos/pilotpen.hu_52bd3ed8.png,
https://electrolux.com.mx,https://electrolux.com.mx/favicon.ico,logos/electrolux.com.mx_a6577dd2.ico,
https://orange.md,https://orange.md/favicon.ico,logos/orange.md_06f26546.png,
https://lamborghini-frankfurt.com,https://lamborghini-frankfurt.com/apple-touch-icon.png,logos/lamborghini-frankfurt.com_f2632177.png,
https://amnesty.se,https://amnesty.se/favicon.ico,logos/amnesty.se_6812ff3b.jpg,
https://sealy.co.kr,https://sealy.co.kr/favicon.ico,logos/sealy.co.kr_c13bb43c.gif,
https://toyotakocaelikaya.com.tr,https://toyotakocaelikaya.com.tr/favicon.ico,logos/toyotakocaelikaya.com.tr_440397a4.png,
https://isuzuhanoi.com,https://isuzuhanoi.com/favicon.ico,logos/isuzuhanoi.com_c7f9daf7.gif,
https://metlife.com.bd,https://metlife.com.bd/favicon.ico,logos/metlife.com.bd_cf493f61.ico,
https://foxinaboxgoldcoast.com,https://foxinaboxgoldcoast.com/favicon.ico,logos/foxinaboxgoldcoast.com_53b4fbc3.ico,
https://avispl.de,https://avispl.de/apple-touch-icon-precomposed.png,logos/avispl.de_326c0b1d.png,
https://hawaiifamilydentalcareers.com,https://hawaiifamilydentalcareers.com/favicon.ico,logos/hawaiifamilydentalcareers.com_80122e24.png,
https://ovb.gr,https://ovb.gr/favicon.ico,logos/ovb.gr_86d8034c.png,
https://mazda.com.tr,https://mazda.com.tr/favicon.ico,logos/mazda.com.tr_93adf4a5.png,
https://toyota-rambouillet.fr,https://toyota-rambouillet.fr/favicon.ico,logos/toyota-rambouillet.fr_1e7ade75.png,
https://servier.sk,https://servier.sk/favicon.ico,logos/servier.sk_87852277.png,
https://experian.com.my,https://www.experian.com.my/wp-content/themes/apac/img/apple-touch-icon.png,logos/experian.com.my_c3570e71.png,
https://gs1al.org,https://gs1al.org/favicon.ico,logos/gs1al.org_6da7336c.jpg,
https://inhuntworld.com,https://inhuntworld.com/favicon.ico,logos/inhuntworld.com_e668e618.png,
https://shopee.co.id,https://shopee.co.id/favicon.ico,logos/shopee.co.id_66df8519.png,
https://titancontainers.co.uk,https://titancontainers.co.uk/favicon.ico,logos/titancontainers.co.uk_dfa5e57f.svg,
https://peach.immo,https://peach.immo/favicon.ico,logos/peach.immo_ab4d14e5.png,
https://mitsubishi-motors.com.ar,https://mitsubishi-motors.com.ar/favicon.ico,logos/mitsubishi-motors.com.ar_ab032fac.svg,
https://thelocal.dk,https://thelocal.dk/favicon.ico,logos/thelocal.dk_76956983.svg,
https://subwaypacific.com,https://subwaypacific.com/favicon.ico,logos/subwaypacific.com_4da7df19.png,
https://ardex.pl,https://ardex.pl/favicon.ico,logos/ardex.pl_f04fc3c2.png,
https://affidea.ro,https://affidea.ro/favicon.ico,logos/affidea.ro_62e877e5.svg,
https://foxinaboxzutphen.com,https://foxinaboxzutphen.com/favicon.ico,logos/foxinaboxzutphen.com_53b4fbc3.ico,
https://heydudeshoes.es,https://heydudeshoes.es/favicon.ico,logos/heydudeshoes.es_a63a9d01.png,
https://cargoriga.ee,https://cargoriga.ee/favicon.ico,logos/cargoriga.ee_f8e9a7d7.png,
https://subaruvilnius.lt,https://subaruvilnius.lt/favicon.ico,logos/subaruvilnius.lt_76c457ce.ico,
https://starbucks.in,https://starbucks.in/favicon.ico,logos/starbucks.in_0d8cf3ae.png,
https://vamdodoma.ru,https://vamdodoma.ru/favicon.ico,logos/vamdodoma.ru_9925f869.png,
https://bosch-wohnungsgesellschaft.de,https://bosch-wohnungsgesellschaft.de/favicon.ico,logos/bosch-wohnungsgesellschaft.de_1115859a.ico,
https://toyotacommonwealth.com,https://toyotacommonwealth.com/favicon.ico,logos/toyotacommonwealth.com_837eb704.png,
https://kumon.com.uy,https://kumon.com.uy/favicon.ico,logos/kumon.com.uy_633b0e6d.png,
https://new-beauty.com,https://new-beauty.com/favicon.ico,logos/new-beauty.com_c81e73fe.svg,
https://medef-seineetmarne.fr,https://medef-seineetmarne.fr/favicon.ico,logos/medef-seineetmarne.fr_aa2b25e8.ico,
https://hansa-flex.co.uk,https://hansa-flex.co.uk/apple-touch-icon.png,logos/hansa-flex.co.uk_29e54ff3.svg,
https://greatplacetowork.com.au,https://greatplacetowork.com.au/favicon.ico,logos/greatplacetowork.com.au_d28a478c.png,
https://tupperware.nl,https://tupperware.nl/favicon.ico,logos/tupperware.nl_82507666.svg,
https://kawasaki-center-koeln.de,https://kawasaki-center-koeln.de/favicon.ico,logos/kawasaki-center-koeln.de_c9cbf4ab.png,
https://overheaddoorofterrehaute.com,https://overheaddoorofterrehaute.com/favicon.ico,logos/overheaddoorofterrehaute.com_652ae036.jpg,
https://ccusa.co.uk,https://ccusa.co.uk/favicon.ico,logos/ccusa.co.uk_915ff55e.png,
https://trulynolenbarueri.com.br,https://trulynolenbarueri.com.br/favicon.ico,logos/trulynolenbarueri.com.br_25106491.png,
https://seitenbachershop.com,https://seitenbachershop.com/favicon.ico,logos/seitenbachershop.com_066f3d69.png,
https://pkfthailand.asia,https://pkfthailand.asia/favicon.ico,logos/pkfthailand.asia_31179492.png,
https://stadtwerke-heidenheim-regio.de,https://stadtwerke-heidenheim-regio.de/favicon.ico,logos/stadtwerke-heidenheim-regio.de_6a8e2698.ico,
https://greatplacetowork.com.mm,https://greatplacetowork.com.mm/favicon.ico,logos/greatplacetowork.com.mm_75724ba1.png,
https://diamond.co.id,https://diamond.co.id/favicon.ico,logos/diamond.co.id_2e48c5d8.gif,
https://spiegse.com,https://spiegse.com/favicon.ico,logos/spiegse.com_35183705.svg,
https://uxbistart.com,https://uxbistart.com/favicon.ico,logos/uxbistart.com_5666b76d.png,
https://kia.com.co,https://kia.com.co/favicon.ico,logos/kia.com.co_14bc244a.png,
https://remax-emblema.com.ar,https://remax-emblema.com.ar/favicon.ico,logos/remax-emblema.com.ar_165b9664.png,
https://titancontainers.at,https://titancontainers.at/favicon.ico,logos/titancontainers.at_0ccbf8d7.webp,
https://poliform-spb.ru,https://poliform-spb.ru/favicon.ico,logos/poliform-spb.ru_3333d686.png,
https://greatplacetowork.es,https://greatplacetowork.es/favicon.ico,logos/greatplacetowork.es_58e0a8c5.png,
https://pkfcs.co.nz,https://pkfcs.co.nz/favicon.ico,logos/pkfcs.co.nz_d65c6bee.ico,
https://shercomotorcycles.it,https://shercomotorcycles.it/favicon.ico,logos/shercomotorcycles.it_579f0953.png,
https://zhcpa.cn,https://zhcpa.cn/favicon.ico,logos/zhcpa.cn_92a58a86.png,
https://carglass.ma,https://carglass.ma/favicon.ico,logos/carglass.ma_2a366c80.png,
https://pilotpen.ro,https://pilotpen.ro/favicon.ico,logos/pilotpen.ro_3a2d3383.png,
https://repsolsolgas.com,https://repsolsolgas.com/favicon.ico,logos/repsolsolgas.com_9a066294.ico,
https://cgparivarconstruction.com,https://cgparivarconstruction.com/favicon.ico,logos/cgparivarconstruction.com_295adff3.png,
https://stora-drain.be,https://stora-drain.be/favicon.ico,logos/stora-drain.be_a62aff77.png,
https://sunnybrookprintshop.ca,https://sunnybrookprintshop.ca/favicon.ico,logos/sunnybrookprintshop.ca_c49fb395.ico,
https://kia.co.sz,https://kia.co.sz/favicon.ico,logos/kia.co.sz_5de856f6.jpg,
https://allianz.ma,https://allianz.ma/favicon.ico,logos/allianz.ma_09350eef.ico,
https://shopee.com.mx,https://shopee.com.mx/favicon.ico,logos/shopee.com.mx_d7d9bf39.png,
https://isuzuniaga.com,https://isuzuniaga.com/favicon.ico,logos/isuzuniaga.com_f07659e8.png,
https://cvjm-muenchberg.de,https://cvjm-muenchberg.de/favicon.ico,logos/cvjm-muenchberg.de_e8284571.ico,
https://techmatrix-asia.com,https://techmatrix-asia.com/favicon.ico,logos/techmatrix-asia.com_d2817eb9.png,
https://affidea.ch,https://affidea.ch/favicon.ico,logos/affidea.ch_fcf52874.ico,
https://dahmira.kz,https://dahmira.kz/apple-touch-icon.png,logos/dahmira.kz_924ef008.png,
https://cfmotoitaly.it,https://cfmotoitaly.it/favicon.ico,logos/cfmotoitaly.it_b94da4df.png,
https://servier.com.pa,https://servier.com.pa/favicon.ico,logos/servier.com.pa_848f73d0.png,
https://lyspoland.pl,https://lyspoland.pl/favicon.ico,logos/lyspoland.pl_c49fb395.ico,
https://pragroup.se,https://pragroup.se/favicon.ico,logos/pragroup.se_0693b373.png,
https://gs1my.org,https://gs1my.org/favicon.ico,logos/gs1my.org_101ee618.png,
https://freseniuskidneycare.au,https://freseniuskidneycare.au/favicon.ico,logos/freseniuskidneycare.au_580917f3.png,
https://intersport.com.au,https://intersport.com.au/favicon.ico,logos/intersport.com.au_da55e315.png,
https://exertisztorm.com,https://exertisztorm.com/favicon.ico,logos/exertisztorm.com_6ebeb07e.png,
https://hps-guns.de,https://hps-guns.de/favicon.ico,logos/hps-guns.de_d5660414.jpg,
https://ccusa.sk,https://ccusa.sk/favicon.ico,logos/ccusa.sk_915ff55e.png,
https://hyundaicentralsales.com,https://hyundaicentralsales.com/favicon.ico,logos/hyundaicentralsales.com_2a572af7.png,
https://skoda-nancy.fr,https://skoda-nancy.fr/favicon.ico,logos/skoda-nancy.fr_34b8fdc7.ico,
https://ccusa.co.za,https://ccusa.co.za/favicon.ico,logos/ccusa.co.za_71bfcd38.jpg,
https://linde.ch,https://linde.ch/apple-touch-icon.png,logos/linde.ch_fb409045.jpg,
https://portadoors.com,https://portadoors.com/favicon.ico,logos/portadoors.com_72c1b3ea.svg,
https://shopee.vn,https://shopee.vn/favicon.ico,logos/shopee.vn_66df8519.png,
https://medef-aura.fr,https://medef-aura.fr/favicon.ico,logos/medef-aura.fr_73ecaac4.svg,
https://toyotadefence.com,https://toyotadefence.com/favicon.ico,logos/toyotadefence.com_29f9d69b.jpg,
https://hertz.com.do,https://hertz.com.do/favicon.ico,logos/hertz.com.do_ddcc447b.png,
https://gs1sk.org,https://gs1sk.org/favicon.ico,logos/gs1sk.org_fd096587.png,
https://bbraun.cn,https://bbraun.cn/favicon.ico,logos/bbraun.cn_54ec620c.ico,
https://holidayland-pohlheim.de,https://holidayland-pohlheim.de/favicon.ico,logos/holidayland-pohlheim.de_05c461c9.png,
https://vkf-renzel.co.uk,https://vkf-renzel.co.uk/favicon.ico,logos/vkf-renzel.co.uk_a6e6897b.png,
https://bioderma.sg,https://bioderma.sg/favicon.ico,logos/bioderma.sg_d9711363.svg,
https://baywa-re.fr,https://baywa-re.fr/favicon.ico,logos/baywa-re.fr_8fcf0903.png,
https://mazda-autohaus-torp-wilhelmshaven.de,https://mazda-autohaus-torp-wilhelmshaven.de/favicon.ico,logos/mazda-autohaus-torp-wilhelmshaven.de_e30ad08e.png,
https://plastoplan.si,https://plastoplan.si/favicon.ico,logos/plastoplan.si_47e8b6ef.png,
https://aliaxis.gr,https://aliaxis.gr/favicon.ico,logos/aliaxis.gr_ee6b989b.png,
https://mazda-autohaus-ubben-aurich.de,https://mazda-autohaus-ubben-aurich.de/favicon.ico,logos/mazda-autohaus-ubben-aurich.de_e30ad08e.png,
https://orange.sk,https://orange.sk/favicon.ico,logos/orange.sk_25244b7e.jpg,
https://kia-brueggemann-brandenburg.de,https://kia-brueggemann-brandenburg.de/favicon.ico,logos/kia-brueggemann-brandenburg.de_938845ac.jpg,
https://kia-burian-celle.de,https://kia-burian-celle.de/favicon.ico,logos/kia-burian-celle.de_938845ac.jpg,
https://thebodyshop.lv,https://thebodyshop.lv/favicon.ico,logos/thebodyshop.lv_731c7e4c.png,
https://alchemia-nova.net,https://alchemia-nova.net/favicon.ico,logos/alchemia-nova.net_d667881d.png,
https://mazda.es,https://mazda.es/favicon.ico,logos/mazda.es_93adf4a5.png,
https://aliaxis.hu,https://aliaxis.hu/favicon.ico,logos/aliaxis.hu_af6c66c9.png,
https://komoder.co.uk,https://komoder.co.uk/favicon.ico,logos/komoder.co.uk_5ced420a.ico,
https://mazda.ph,https://mazda.ph/favicon.ico,logos/mazda.ph_0f66068d.webp,
https://deheus.pt,https://deheus.pt/favicon.ico,logos/deheus.pt_ff028349.jpg,
https://algeco.be,https://algeco.be/favicon.ico,logos/algeco.be_535db405.jpg,
https://veolia.ie,https://veolia.ie/favicon.ico,logos/veolia.ie_62f968b1.png,
https://murrelektronik.pl,https://murrelektronik.pl/favicon.ico,logos/murrelektronik.pl_82c0f777.ico,
https://bbraun.com.ar,https://bbraun.com.ar/favicon.ico,logos/bbraun.com.ar_c9bcb267.png,
https://mazda-autopark-rath-krefeld.de,https://mazda-autopark-rath-krefeld.de/favicon.ico,logos/mazda-autopark-rath-krefeld.de_e30ad08e.png,
https://ymcasf.org,https://ymcasf.org/favicon.ico,logos/ymcasf.org_196f38ea.svg,
https://reedglobal.ch,https://reedglobal.ch/favicon.ico,logos/reedglobal.ch_8e522233.svg,
https://bonprix.ch,https://bonprix.ch/favicon.ico,logos/bonprix.ch_6cf8b96d.png,
https://synlab.si,https://synlab.si/favicon.ico,logos/synlab.si_eed0b7a8.ico,
https://de-heus.nl,https://de-heus.nl/favicon.ico,logos/de-heus.nl_ff028349.jpg,
https://siiora.org,https://siiora.org/favicon.ico,logos/siiora.org_9cd1aac3.png,
https://scholpp.it,https://scholpp.it/favicon.ico,logos/scholpp.it_cf472742.ico,
https://bonprix.co.uk,https://bonprix.co.uk/favicon.ico,logos/bonprix.co.uk_e538139f.ico,
https://spitex-regiowittenbach.ch,https://spitex-regiowittenbach.ch/favicon.ico,logos/spitex-regiowittenbach.ch_734bd43e.svg,
https://honda-limoges.com,https://honda-limoges.com/favicon.ico,logos/honda-limoges.com_4cc78122.png,
https://pkf-fwa.com,https://pkf-fwa.com/favicon.ico,logos/pkf-fwa.com_cf44973f.webp,
https://starkeypro.de,https://starkeypro.de/favicon.ico,logos/starkeypro.de_72b5e146.png,
https://honda-bordeaux.com,https://honda-bordeaux.com/favicon.ico,logos/honda-bordeaux.com_4cc78122.png,
https://vettersculliganwater.com,https://vettersculliganwater.com/favicon.ico,logos/vettersculliganwater.com_52691706.ico,
https://minisouruguay.com.uy,https://minisouruguay.com.uy/favicon.ico,logos/minisouruguay.com.uy_2fecb22a.ico,
https://msmode.de,https://msmode.de/favicon.ico,logos/msmode.de_ca9fcc59.jpg,
https://aamcochino.com,https://aamcochino.com/favicon.ico,logos/aamcochino.com_6dc4950e.jpg,
https://pilotpen.it,https://pilotpen.it/favicon.ico,logos/pilotpen.it_3a2d3383.png,
https://culliganwaterburlington.com,https://culliganwaterburlington.com/favicon.ico,logos/culliganwaterburlington.com_cec809c8.png,
https://murrelektronik.fr,https://murrelektronik.fr/favicon.ico,logos/murrelektronik.fr_899a0e99.png,
https://aliaxis.it,https://aliaxis.it/favicon.ico,logos/aliaxis.it_ee6b989b.png,
https://aamcoorange.com,https://aamcoorange.com/favicon.ico,logos/aamcoorange.com_6dc4950e.jpg,
https://grantthornton.tn,https://grantthornton.tn/favicon.ico,logos/grantthornton.tn_384759b2.png,
https://aamcolongbeachca.com,https://aamcolongbeachca.com/favicon.ico,logos/aamcolongbeachca.com_6dc4950e.jpg,
https://aamconorthridgeca.com,https://aamconorthridgeca.com/favicon.ico,logos/aamconorthridgeca.com_6dc4950e.jpg,
https://altengt.com,https://altengt.com/favicon.ico,logos/altengt.com_c613aa26.png,
https://pacificinfotech.co.uk,https://pacificinfotech.co.uk/favicon.ico,logos/pacificinfotech.co.uk_e45ae59f.jpg,
https://designpluz.com,https://designpluz.com/favicon.ico,logos/designpluz.com_751dbaaa.jpg,
https://lamborghini-cannes.com,https://lamborghini-cannes.com/apple-touch-icon-precomposed.png,logos/lamborghini-cannes.com_16ae9ae2.jpg,
https://amtrakvacations.com.au,https://amtrakvacations.com.au/favicon.ico,logos/amtrakvacations.com.au_d92c8a6a.png,
https://europa-union-kassel.de,https://europa-union-kassel.de/favicon.ico,logos/europa-union-kassel.de_83fe87a6.ico,
https://manpowergroup.se,https://manpowergroup.se/favicon.ico,logos/manpowergroup.se_2c18bcbe.png,
https://aamcohagerstownmd.com,https://aamcohagerstownmd.com/favicon.ico,logos/aamcohagerstownmd.com_6dc4950e.jpg,
https://santillana.com.ar,https://santillana.com.ar/favicon.ico,logos/santillana.com.ar_60194540.webp,
https://spitex-steinmaur-neerach.ch,https://spitex-steinmaur-neerach.ch/favicon.ico,logos/spitex-steinmaur-neerach.ch_a46ed2e7.svg,
https://rsmrecruitment.com,https://www.rsmrecruitment.com/wp-content/themes/rsm/img/favicons/apple-touch-icon-120x120.png,logos/rsmrecruitment.com_0e267e62.webp,
https://greatplacetowork.co.ke,https://greatplacetowork.co.ke/favicon.ico,logos/greatplacetowork.co.ke_d0a5f828.webp,
https://aamcosandiego-missionbay.com,https://aamcosandiego-missionbay.com/favicon.ico,logos/aamcosandiego-missionbay.com_ffda4e3f.jpg,
https://intersport-arc2000.com,https://intersport-arc2000.com/favicon.ico,logos/intersport-arc2000.com_babbb9e7.jpg,
https://aamcoviennava.com,https://aamcoviennava.com/favicon.ico,logos/aamcoviennava.com_6dc4950e.jpg,
https://advocaremorristownpediatrics.com,https://advocaremorristownpediatrics.com/favicon.ico,logos/advocaremorristownpediatrics.com_0c11d999.ico,
https://aamcomorenovalley.com,https://aamcomorenovalley.com/favicon.ico,logos/aamcomorenovalley.com_6dc4950e.jpg,
https://aamcolexingtonparkmd.com,https://aamcolexingtonparkmd.com/favicon.ico,logos/aamcolexingtonparkmd.com_6dc4950e.jpg,
https://spitex-grauholz.ch,https://spitex-grauholz.ch/favicon.ico,logos/spitex-grauholz.ch_2936a797.ico,
https://toyota-niederberger.at,https://toyota-niederberger.at/favicon.ico,logos/toyota-niederberger.at_f13b9163.jpg,
https://mazda-autohaus-dohm-horn-bad-meinberg.de,https://mazda-autohaus-dohm-horn-bad-meinberg.de/favicon.ico,logos/mazda-autohaus-dohm-horn-bad-meinberg.de_e30ad08e.png,
https://aireonepeel.ca,https://aireonepeel.ca/favicon.ico,logos/aireonepeel.ca_411b7936.webp,
https://honda-marseille.com,https://honda-marseille.com/favicon.ico,logos/honda-marseille.com_5ac024fa.png,
https://planncosteels.com,https://planncosteels.com/favicon.ico,logos/planncosteels.com_b1309dc5.jpg,
https://tupperware.it,https://tupperware.it/favicon.ico,logos/tupperware.it_82507666.svg,
https://holidayland-wunstorf.de,https://holidayland-wunstorf.de/favicon.ico,logos/holidayland-wunstorf.de_05c461c9.png,
https://santillana.com.pr,https://santillana.com.pr/favicon.ico,logos/santillana.com.pr_64eaa22d.png,
https://repsolresourcesuk.com,https://repsolresourcesuk.com/favicon.ico,logos/repsolresourcesuk.com_db2ebae7.svg,
https://synlab.ec,https://synlab.ec/favicon.ico,logos/synlab.ec_ade50f29.png,
https://toyotaborovali.com.tr,https://toyotaborovali.com.tr/favicon.ico,logos/toyotaborovali.com.tr_440397a4.png,
https://mersen.it,https://mersen.it/favicon.ico,logos/mersen.it_9728017f.jpg,
https://synlab.com.cy,https://synlab.com.cy/favicon.ico,logos/synlab.com.cy_68bc7e4b.svg,
https://statkraft.co.uk,https://statkraft.co.uk/favicon.ico,logos/statkraft.co.uk_c3fc875f.png,
https://compo-hobby.it,https://compo-hobby.it/favicon.ico,logos/compo-hobby.it_6a00a675.png,
https://toyota.com.mk,https://toyota.com.mk/favicon.ico,logos/toyota.com.mk_dc51be74.svg,
https://msd-animal-health.dk,https://msd-animal-health.dk/favicon.ico,logos/msd-animal-health.dk_0f233eed.png,
https://mazda-autohaus-schreier-biebergemuend-bieber.de,https://mazda-autohaus-schreier-biebergemuend-bieber.de/favicon.ico,logos/mazda-autohaus-schreier-biebergemuend-bieber.de_e30ad08e.png,
https://santanderconsumer.no,https://santanderconsumer.no/favicon.ico,logos/santanderconsumer.no_4eda1945.svg,
https://spitexlueg.ch,https://spitexlueg.ch/favicon.ico,logos/spitexlueg.ch_6c653932.svg,
https://mtn.co.sz,https://www.mtn.co.sz/wp-content/themes/mtn-vivid-wp/public/img/favicon.svg,logos/mtn.co.sz_c0c12d2f.svg,
https://airbnb.ie,https://airbnb.ie/favicon.ico,logos/airbnb.ie_8a0b5266.png,
https://spitex-freiamt.ch,https://spitex-freiamt.ch/favicon.ico,logos/spitex-freiamt.ch_6672c76b.svg,
https://xtransfer.cn,https://xtransfer.cn/favicon.ico,logos/xtransfer.cn_7b04559b.png,
https://honda-reims.com,https://honda-reims.com/favicon.ico,logos/honda-reims.com_7bc425ad.jpg,
https://spitexkempt.ch,https://spitexkempt.ch/favicon.ico,logos/spitexkempt.ch_990c9bb1.png,
https://statkraft.nl,https://statkraft.nl/apple-touch-icon-precomposed.png,logos/statkraft.nl_8a61d820.png,
https://mapfre.com.ve,https://mapfre.com.ve/favicon.ico,logos/mapfre.com.ve_5fbfbaf6.png,
https://trakm8.cz,https://trakm8.cz/favicon.ico,logos/trakm8.cz_1bbe03ca.png,
https://warmupdeutschland.de,https://warmupdeutschland.de/favicon.ico,logos/warmupdeutschland.de_b96559f4.jpg,
https://toyotaakten.com.tr,https://toyotaakten.com.tr/favicon.ico,logos/toyotaakten.com.tr_440397a4.png,
https://compo-group.com,https://compo-group.com/favicon.ico,logos/compo-group.com_ca70e268.png,
https://manpowergroup.cz,https://manpowergroup.cz/favicon.ico,logos/manpowergroup.cz_ec878fe0.svg,
https://aamcoutah.com,https://aamcoutah.com/favicon.ico,logos/aamcoutah.com_0530aea5.webp,
https://mapfre.com.gt,https://mapfre.com.gt/favicon.ico,logos/mapfre.com.gt_5fbfbaf6.png,
https://murrelektronik.ro,https://murrelektronik.ro/favicon.ico,logos/murrelektronik.ro_74319777.png,
https://ymca-ywca.org,https://ymca-ywca.org/favicon.ico,logos/ymca-ywca.org_96e2b221.png,
https://gjwnwd.de,https://gjwnwd.de/favicon.ico,logos/gjwnwd.de_a3452521.ico,
https://mersen.hu,https://mersen.hu/favicon.ico,logos/mersen.hu_9728017f.jpg,
https://mazda-autohaus-brutschin-lenzkirch.de,https://mazda-autohaus-brutschin-lenzkirch.de/favicon.ico,logos/mazda-autohaus-brutschin-lenzkirch.de_e30ad08e.png,
https://thelocal.it,https://thelocal.it/favicon.ico,logos/thelocal.it_2ee0cc94.svg,
https://edenredrewards.co.in,https://edenredrewards.co.in/favicon.ico,logos/edenredrewards.co.in_82a348a4.jpg,
https://aamcoroanokeva.com,https://aamcoroanokeva.com/favicon.ico,logos/aamcoroanokeva.com_6dc4950e.jpg,
https://aamcosurprise.com,https://aamcosurprise.com/favicon.ico,logos/aamcosurprise.com_6dc4950e.jpg,
https://airbnb.jp,https://airbnb.jp/favicon.ico,logos/airbnb.jp_468e05d1.png,
https://mazda-autohaus-mueller-plauen.de,https://mazda-autohaus-mueller-plauen.de/favicon.ico,logos/mazda-autohaus-mueller-plauen.de_e30ad08e.png,
https://freseniuskidneycare.com,https://freseniuskidneycare.com/favicon.ico,logos/freseniuskidneycare.com_c6390dbb.svg,
https://aamcopasadenaca.com,https://aamcopasadenaca.com/favicon.ico,logos/aamcopasadenaca.com_6dc4950e.jpg,
https://jungheinrich.co,https://jungheinrich.co/favicon.ico,logos/jungheinrich.co_a117edd8.ico,
https://aamcolexingtoneast.com,https://aamcolexingtoneast.com/favicon.ico,logos/aamcolexingtoneast.com_264326f6.svg,
https://msig-asia.com,https://msig-asia.com/favicon.ico,logos/msig-asia.com_e9ae0697.png,
https://einhell.cz,https://einhell.cz/favicon.ico,logos/einhell.cz_5f639377.jpg,
https://mitsubishi-motors.fi,https://mitsubishi-motors.fi/favicon.ico,logos/mitsubishi-motors.fi_b9794c98.svg,
https://pkf-l.com,https://pkf-l.com/favicon.ico,logos/pkf-l.com_1690d02e.svg,
https://metlifetakealongdental.com,https://metlifetakealongdental.com/favicon.ico,logos/metlifetakealongdental.com_44929b96.svg,
https://spitex-trevalli.ch,https://spitex-trevalli.ch/favicon.ico,logos/spitex-trevalli.ch_2936a797.ico,
https://canonburgos.com,https://canonburgos.com/favicon.ico,logos/canonburgos.com_6ba94cfd.png,
https://mazda-autohaus-wilk-kaczmarek-schwerin.de,https://mazda-autohaus-wilk-kaczmarek-schwerin.de/favicon.ico,logos/mazda-autohaus-wilk-kaczmarek-schwerin.de_e30ad08e.png,
https://kia-fugel-dresden.de,https://kia-fugel-dresden.de/favicon.ico,logos/kia-fugel-dresden.de_3adb77e9.svg,
https://mazda.lv,https://mazda.lv/favicon.ico,logos/mazda.lv_48d551ee.ico,
https://bbraun.pk,https://bbraun.pk/favicon.ico,logos/bbraun.pk_a850c52a.jpg,
https://kia-jaeger-bevern.de,https://kia-jaeger-bevern.de/favicon.ico,logos/kia-jaeger-bevern.de_3adb77e9.svg,
https://daikinczech.cz,https://daikinczech.cz/apple-touch-icon.png,logos/daikinczech.cz_20d12a4e.jpg,
https://grantthornton.bg,https://grantthornton.bg/favicon.ico,logos/grantthornton.bg_485ad2c9.png,
https://honda-grenoble.com,https://honda-grenoble.com/favicon.ico,logos/honda-grenoble.com_4cc78122.png,
https://repsol.pe,https://repsol.pe/favicon.ico,logos/repsol.pe_8bf70d45.png,
https://fortprousa.com,https://fortprousa.com/favicon.ico,logos/fortprousa.com_0fd69268.png,
https://saint-gobain.al,https://saint-gobain.al/favicon.ico,logos/saint-gobain.al_9161036e.webp,
https://culliganofofallon.com,https://culliganofofallon.com/favicon.ico,logos/culliganofofallon.com_52691706.ico,
https://greatplacetowork.pl,https://greatplacetowork.pl/apple-touch-icon.png,logos/greatplacetowork.pl_3039241f.svg,
https://husse.hu,https://husse.hu/favicon.ico,logos/husse.hu_aeab78c3.jpg,
https://aamcola-culvercity.com,https://aamcola-culvercity.com/favicon.ico,logos/aamcola-culvercity.com_6dc4950e.jpg,
https://amway.de,https://amway.de/favicon.ico,logos/amway.de_ebe26be0.ico,
https://skybusiness.co.nz,https://skybusiness.co.nz/favicon.ico,logos/skybusiness.co.nz_de6d70bd.ico,
https://mitsubishi-motors.com.kw,https://mitsubishi-motors.com.kw/favicon.ico,logos/mitsubishi-motors.com.kw_01985545.ico,
https://culliganatlanta.com,https://culliganatlanta.com/favicon.ico,logos/culliganatlanta.com_52691706.ico,
https://spitex-region-kreuzlingen.ch,https://spitex-region-kreuzlingen.ch/favicon.ico,logos/spitex-region-kreuzlingen.ch_1be6a67b.png,
https://culliganflint.com,https://culliganflint.com/favicon.ico,logos/culliganflint.com_52691706.ico,
https://bauder.rs,https://bauder.rs/favicon.ico,logos/bauder.rs_8274562f.svg,
https://tectake.it,https://tectake.it/favicon.ico,logos/tectake.it_ae154d9c.png,
https://aamcomorganhill.com,https://aamcomorganhill.com/favicon.ico,logos/aamcomorganhill.com_6dc4950e.jpg,
https://keika-c.ed.jp,https://keika-c.ed.jp/favicon.ico,logos/keika-c.ed.jp_5ac40a32.png,
https://flashbay.es,https://flashbay.es/favicon.ico,logos/flashbay.es_f9215b1d.png,
https://worldvisionmexico.org.mx,https://worldvisionmexico.org.mx/favicon.ico,logos/worldvisionmexico.org.mx_682cf4b7.png,
https://einhell.bg,https://einhell.bg/favicon.ico,logos/einhell.bg_74f0ed70.jpg,
https://hondamurcia.com,https://hondamurcia.com/favicon.ico,logos/hondamurcia.com_633d34c3.png,
https://spitex-kriens.ch,https://spitex-kriens.ch/favicon.ico,logos/spitex-kriens.ch_e82c612f.jpg,
https://honda-lille.com,https://honda-lille.com/favicon.ico,logos/honda-lille.com_7bc425ad.jpg,
https://bigfootdigital.co.uk,https://bigfootdigital.co.uk/apple-touch-icon.png,logos/bigfootdigital.co.uk_86f7de7f.png,
https://aamcobrookfieldwi.com,https://aamcobrookfieldwi.com/favicon.ico,logos/aamcobrookfieldwi.com_6dc4950e.jpg,
https://spie-ics.com,https://spie-ics.com/apple-touch-icon.png,logos/spie-ics.com_1ace8754.png,
https://funiber.org.uy,https://funiber.org.uy/favicon.ico,logos/funiber.org.uy_df396a15.svg,
https://aamcobridgewater.com,https://aamcobridgewater.com/favicon.ico,logos/aamcobridgewater.com_c1cdd94b.jpg,
https://aamcovictorvilleca.com,https://aamcovictorvilleca.com/favicon.ico,logos/aamcovictorvilleca.com_6dc4950e.jpg,
https://axa-assistance.cz,https://axa-assistance.cz/favicon.ico,logos/axa-assistance.cz_3bce5198.ico,
https://bosch-pt.co.in,https://bosch-pt.co.in/favicon.ico,logos/bosch-pt.co.in_2e624781.jpg,
https://vbhtrgovina.si,https://vbhtrgovina.si/favicon.ico,logos/vbhtrgovina.si_11dea1a9.png,
https://azetsconsulting.no,https://azetsconsulting.no/favicon.ico,logos/azetsconsulting.no_8323d4fd.jpg,
https://aamcoeastbrunswick.com,https://aamcoeastbrunswick.com/favicon.ico,logos/aamcoeastbrunswick.com_0797b27f.jpg,
https://aamcodelraybeach.com,https://aamcodelraybeach.com/favicon.ico,logos/aamcodelraybeach.com_6dc4950e.jpg,
https://modern-heads.com,https://modern-heads.com/favicon.ico,logos/modern-heads.com_218acd79.png,
https://bakertillygh.com,https://bakertillygh.com/favicon.ico,logos/bakertillygh.com_205e07ae.png,
https://tts-group.at,https://tts-group.at/apple-touch-icon-precomposed.png,logos/tts-group.at_80cfefe5.jpg,
https://culliganlasvegas.com,https://culliganlasvegas.com/favicon.ico,logos/culliganlasvegas.com_cec809c8.png,
https://honda-meaux.com,https://honda-meaux.com/favicon.ico,logos/honda-meaux.com_7bc425ad.jpg,
https://aamcoofupland.com,https://aamcoofupland.com/favicon.ico,logos/aamcoofupland.com_6dc4950e.jpg,
https://honda-toulouse.com,https://honda-toulouse.com/favicon.ico,logos/honda-toulouse.com_5ac024fa.png,
https://infiniti.mx,https://infiniti.mx/favicon.ico,logos/infiniti.mx_3a831871.ico,
https://thebodyshop.bg,https://thebodyshop.bg/favicon.ico,logos/thebodyshop.bg_dca69f7e.jpg,
https://airbnb.com.au,https://airbnb.com.au/favicon.ico,logos/airbnb.com.au_468e05d1.png,
https://infiniti.com.pa,https://infiniti.com.pa/favicon.ico,logos/infiniti.com.pa_0a33fbf3.png,
https://kia.am,https://kia.am/favicon.ico,logos/kia.am_c3ad4e3d.png,
https://astreitalia.it,https://astreitalia.it/favicon.ico,logos/astreitalia.it_e745a7c1.jpg,
https://aamcophoenixville.com,https://aamcophoenixville.com/favicon.ico,logos/aamcophoenixville.com_6bab0422.jpg,
https://pussyspace.net,https://pussyspace.net/favicon.ico,logos/pussyspace.net_44e3c977.svg,
https://santillana.com.ec,https://santillana.com.ec/favicon.ico,logos/santillana.com.ec_ba2a8940.webp,
https://aamcospringfield.com,https://aamcospringfield.com/favicon.ico,logos/aamcospringfield.com_6dc4950e.jpg,
https://mersen.es,https://mersen.es/favicon.ico,logos/mersen.es_4b37f57a.jpg,
https://algeco.pt,https://algeco.pt/favicon.ico,logos/algeco.pt_d8885922.png,
https://annotext.de,https://annotext.de/favicon.ico,logos/annotext.de_fade5696.svg,
https://bakertilly.site,https://bakertilly.site/favicon.ico,logos/bakertilly.site_05c3d261.jpg,
https://actemium.com.br,https://actemium.com.br/favicon.ico,logos/actemium.com.br_52f53741.png,
https://rotaryclubdelima.org,https://rotaryclubdelima.org/favicon.ico,logos/rotaryclubdelima.org_944ab666.png,
https://kia-maier-cham.de,https://kia-maier-cham.de/favicon.ico,logos/kia-maier-cham.de_938845ac.jpg,
https://tchibo.cz,https://tchibo.cz/favicon.ico,logos/tchibo.cz_e4428d76.ico,
https://culliganwaterwestbend.com,https://culliganwaterwestbend.com/favicon.ico,logos/culliganwaterwestbend.com_52691706.ico,
https://invisalign.co.kr,https://invisalign.co.kr/favicon.ico,logos/invisalign.co.kr_09c27586.svg,
https://culliganhoriconwatertown.com,https://culliganhoriconwatertown.com/favicon.ico,logos/culliganhoriconwatertown.com_4e3f620a.png,
https://furuno.co.uk,https://furuno.co.uk/favicon.ico,logos/furuno.co.uk_3a60703b.jpg,
https://aamcostroudsburg.com,https://aamcostroudsburg.com/favicon.ico,logos/aamcostroudsburg.com_6dc4950e.jpg,
https://intersport.cz,https://intersport.cz/favicon.ico,logos/intersport.cz_ffe6709c.svg,
https://kia-sauter-albstadt.de,https://kia-sauter-albstadt.de/favicon.ico,logos/kia-sauter-albstadt.de_938845ac.jpg,
https://veolia.nl,https://veolia.nl/favicon.ico,logos/veolia.nl_02c3bae8.jpg,
https://aamcowashingtondc.com,https://aamcowashingtondc.com/favicon.ico,logos/aamcowashingtondc.com_6dc4950e.jpg,
https://entergy-texas.com,https://entergy-texas.com/favicon.ico,logos/entergy-texas.com_280ea946.png,
https://aamcobronx.com,https://aamcobronx.com/favicon.ico,logos/aamcobronx.com_febf34ec.jpg,
https://internationalsos.no,https://internationalsos.no/favicon.ico,logos/internationalsos.no_11caa700.png,
https://daikin.mk,https://daikin.mk/favicon.ico,logos/daikin.mk_8e81404c.png,
https://aamcoeggharbortwp.com,https://aamcoeggharbortwp.com/favicon.ico,logos/aamcoeggharbortwp.com_6bab0422.jpg,
https://faacentrancesolutions.be,https://faacentrancesolutions.be/favicon.ico,logos/faacentrancesolutions.be_0f24a9cc.png,
https://mazda-autohaus-schwenke-duisburg.de,https://mazda-autohaus-schwenke-duisburg.de/favicon.ico,logos/mazda-autohaus-schwenke-duisburg.de_e30ad08e.png,
https://meggle-foodingredients.de,https://meggle-foodingredients.de/favicon.ico,logos/meggle-foodingredients.de_ae976ed0.svg,
https://aliaxis.bg,https://aliaxis.bg/favicon.ico,logos/aliaxis.bg_ee6b989b.png,
https://inbeat.co,https://inbeat.co/favicon.ico,logos/inbeat.co_1256b890.png,
https://enterpriserentacar.bg,https://enterpriserentacar.bg/favicon.ico,logos/enterpriserentacar.bg_4902441e.png,
https://aamcoroundrocktx.com,https://aamcoroundrocktx.com/favicon.ico,logos/aamcoroundrocktx.com_1f263d2d.jpg,
https://rsmuk.com,https://rsmuk.com/favicon.ico,logos/rsmuk.com_155fc4a9.jpg,
https://actemium.ca,https://actemium.ca/favicon.ico,logos/actemium.ca_e03b57f7.jpg,
https://spitextg.ch,https://spitextg.ch/favicon.ico,logos/spitextg.ch_2936a797.ico,
https://culligantoledo.com,https://culligantoledo.com/favicon.ico,logos/culligantoledo.com_4e3f620a.png,
https://solidea.co.za,https://solidea.co.za/favicon.ico,logos/solidea.co.za_aa76b38d.png,
https://bakertilly.gi,https://bakertilly.gi/favicon.ico,logos/bakertilly.gi_205e07ae.png,
https://aamcopeoria-az.com,https://aamcopeoria-az.com/favicon.ico,logos/aamcopeoria-az.com_98d76ce5.jpg,
https://spitex-appenzellerland.ch,https://spitex-appenzellerland.ch/favicon.ico,logos/spitex-appenzellerland.ch_1be6a67b.png,
https://kia.com.uy,https://kia.com.uy/favicon.ico,logos/kia.com.uy_80432fa6.svg,
https://bakertilly.ec,https://bakertilly.ec/favicon.ico,logos/bakertilly.ec_80cd405f.png,
https://honda-cannes.com,https://honda-cannes.com/favicon.ico,logos/honda-cannes.com_4cc78122.png,
https://mazda-autohaus-moellenkamp-rheine.de,https://mazda-autohaus-moellenkamp-rheine.de/favicon.ico,logos/mazda-autohaus-moellenkamp-rheine.de_e30ad08e.png,
https://fluidmasteruk.com,https://fluidmasteruk.com/favicon.ico,logos/fluidmasteruk.com_027e9a59.png,
https://mazda.co.me,https://mazda.co.me/favicon.ico,logos/mazda.co.me_3fa88673.svg,
https://batistareisfloresonline.com.br,https://batistareisfloresonline.com.br/favicon.ico,logos/batistareisfloresonline.com.br_eed21cfa.png,
https://clarksonhyde.it,https://clarksonhyde.it/favicon.ico,logos/clarksonhyde.it_47ebdc20.png,
https://mersen.in,https://mersen.in/favicon.ico,logos/mersen.in_4b37f57a.jpg,
https://salvationarmy.org.my,https://salvationarmy.org.my/favicon.ico,logos/salvationarmy.org.my_461311c1.png,
https://modshair-stuttgart.de,https://modshair-stuttgart.de/favicon.ico,logos/modshair-stuttgart.de_e17ff8c1.png,
https://aamcoreadingpa.com,https://aamcoreadingpa.com/favicon.ico,logos/aamcoreadingpa.com_6bab0422.jpg,
https://aamcoabingtonpa.com,https://aamcoabingtonpa.com/favicon.ico,logos/aamcoabingtonpa.com_6bab0422.jpg,
https://mazda-autohaus-born-ludwigslust.de,https://mazda-autohaus-born-ludwigslust.de/favicon.ico,logos/mazda-autohaus-born-ludwigslust.de_e30ad08e.png,
https://toyotaer.com.tr,https://toyotaer.com.tr/favicon.ico,logos/toyotaer.com.tr_9fefd624.png,
https://subaru.es,https://subaru.es/favicon.ico,logos/subaru.es_4ce5ef51.png,
https://skodanews.de,https://skodanews.de/favicon.ico,logos/skodanews.de_0043aed4.ico,
https://reedglobal.cz,https://reedglobal.cz/favicon.ico,logos/reedglobal.cz_d2574967.svg,
https://eca-serel.de,https://eca-serel.de/favicon.ico,logos/eca-serel.de_63f3a10c.png,
https://toyotaonatca.com.tr,https://toyotaonatca.com.tr/favicon.ico,logos/toyotaonatca.com.tr_9fefd624.png,
https://culliganwaternebraska.com,https://culliganwaternebraska.com/favicon.ico,logos/culliganwaternebraska.com_c0326220.svg,
https://adfc-radtourismus.de,https://adfc-radtourismus.de/favicon.ico,logos/adfc-radtourismus.de_56b79765.ico,
https://kia-auto-center-weiterstadt.de,https://kia-auto-center-weiterstadt.de/favicon.ico,logos/kia-auto-center-weiterstadt.de_938845ac.jpg,
https://aamcocolumbus-wbroadst.com,https://aamcocolumbus-wbroadst.com/favicon.ico,logos/aamcocolumbus-wbroadst.com_6dc4950e.jpg,
https://aamcoflagstaff.com,https://aamcoflagstaff.com/favicon.ico,logos/aamcoflagstaff.com_6dc4950e.jpg,
https://einhell.dk,https://einhell.dk/favicon.ico,logos/einhell.dk_6977d67b.jpg,
https://kiacowansville.com,https://kiacowansville.com/favicon.ico,logos/kiacowansville.com_c4aa0f23.ico,
https://aamcophoenixmaryvale.com,https://aamcophoenixmaryvale.com/favicon.ico,logos/aamcophoenixmaryvale.com_6dc4950e.jpg,
https://bakertilly.com.jm,https://bakertilly.com.jm/favicon.ico,logos/bakertilly.com.jm_d3d74994.svg,
https://kokuyo-furniture.com.my,https://kokuyo-furniture.com.my/favicon.ico,logos/kokuyo-furniture.com.my_8f9ebdb8.png,
https://spitex-rothenburg.ch,https://spitex-rothenburg.ch/favicon.ico,logos/spitex-rothenburg.ch_2936a797.ico,
https://metlife.com.tr,https://metlife.com.tr/favicon.ico,logos/metlife.com.tr_cf493f61.ico,
https://infiniti.com.do,https://infiniti.com.do/favicon.ico,logos/infiniti.com.do_0a33fbf3.png,
https://plameco.at,https://plameco.at/apple-touch-icon.png,logos/plameco.at_6980048e.png,
https://amway.co.jp,https://amway.co.jp/favicon.ico,logos/amway.co.jp_60f4c749.jpg,
https://cbrain.com,https://cbrain.com/apple-touch-icon-precomposed.png,logos/cbrain.com_0b9670b7.svg,
https://cinnabon.co.za,https://cinnabon.co.za/favicon.ico,logos/cinnabon.co.za_292d9aeb.ico,
https://thebodyshop.fi,https://thebodyshop.fi/favicon.ico,logos/thebodyshop.fi_731c7e4c.png,
https://aeccglobal.sg,https://aeccglobal.sg/favicon.ico,logos/aeccglobal.sg_e4816620.png,
https://takeda.com.ru,https://takeda.com.ru/favicon.ico,logos/takeda.com.ru_9a003ad8.svg,
https://aamcomiddletownny.com,https://aamcomiddletownny.com/favicon.ico,logos/aamcomiddletownny.com_4a73146c.jpg,
https://mazda-autohaus-lommel-grettstadt.de,https://mazda-autohaus-lommel-grettstadt.de/favicon.ico,logos/mazda-autohaus-lommel-grettstadt.de_e30ad08e.png,
https://bbraun.com.py,https://bbraun.com.py/favicon.ico,logos/bbraun.com.py_e369372d.jpg,
https://rubiomonocoat.com.pl,https://rubiomonocoat.com.pl/apple-touch-icon.png,logos/rubiomonocoat.com.pl_74008ed4.svg,
https://boschautoparts.com,https://boschautoparts.com/favicon.ico,logos/boschautoparts.com_e514a8f5.png,
https://thelocal.es,https://thelocal.es/favicon.ico,logos/thelocal.es_463766ce.svg,
https://plameco-baer.de,https://plameco-baer.de/favicon.ico,logos/plameco-baer.de_5d9b4f66.png,
https://bbraun.com.tw,https://bbraun.com.tw/favicon.ico,logos/bbraun.com.tw_b791cb34.jpg,
https://kia-trinkle-schorndorf.de,https://kia-trinkle-schorndorf.de/favicon.ico,logos/kia-trinkle-schorndorf.de_3adb77e9.svg,
https://statkraft.fr,https://statkraft.fr/apple-touch-icon.png,logos/statkraft.fr_ed9c20d9.png,
https://greatplacetowork.fr,https://greatplacetowork.fr/favicon.ico,logos/greatplacetowork.fr_8e58f617.png,
https://furuno.gr,https://furuno.gr/favicon.ico,logos/furuno.gr_bd249d3d.png,
https://einhell.nl,https://einhell.nl/favicon.ico,logos/einhell.nl_e81cb615.png,
https://dulux.in,,,no_logo_found
https://murrelektronik.ch,https://murrelektronik.ch/apple-touch-icon.png,logos/murrelektronik.ch_1f4afdc0.png,
https://crif.hk,https://crif.hk/favicon.ico,logos/crif.hk_30341e9c.ico,
https://ymcaswv.com,https://ymcaswv.com/favicon.ico,logos/ymcaswv.com_df1f59b7.png,
https://bbraun.nl,https://bbraun.nl/favicon.ico,logos/bbraun.nl_b791cb34.jpg,
https://mazdademagog.com,https://mazdademagog.com/favicon.ico,logos/mazdademagog.com_5e043ee4.jpg,
https://lindt.jp,https://lindt.jp/favicon.ico,logos/lindt.jp_5b5b7a67.png,
https://bbraun.be,https://bbraun.be/favicon.ico,logos/bbraun.be_b791cb34.jpg,
https://cvjm-gomaringen.de,https://cvjm-gomaringen.de/favicon.ico,logos/cvjm-gomaringen.de_385edb63.png,
https://benu.lt,https://benu.lt/favicon.ico,logos/benu.lt_4a1ded81.svg,
https://zalando.nl,https://zalando.nl/favicon.ico,logos/zalando.nl_977bc276.svg,
https://greatplacetowork.gr,https://greatplacetowork.gr/favicon.ico,logos/greatplacetowork.gr_10657c24.jpg,
https://wurth.pe,https://wurth.pe/favicon.ico,logos/wurth.pe_9c888cd8.jpg,
https://spitexzh.ch,https://spitexzh.ch/favicon.ico,logos/spitexzh.ch_92c08b73.svg,
https://aamcofortlauderdale-plantation.com,https://aamcofortlauderdale-plantation.com/favicon.ico,logos/aamcofortlauderdale-plantation.com_6dc4950e.jpg,
https://gjw-nrw.de,https://gjw-nrw.de/favicon.ico,logos/gjw-nrw.de_168ca2a4.png,
https://airbnb.be,https://airbnb.be/favicon.ico,logos/airbnb.be_468e05d1.png,
https://msd-animal-health.it,https://www.msd-animal-health.it/wp-content/uploads/sites/13/2022/04/ONEHEALTH.png,logos/msd-animal-health.it_889a348e.png,
https://santillana.com.pa,https://santillana.com.pa/favicon.ico,logos/santillana.com.pa_3b534067.webp,
https://statkraftvarme.no,https://statkraftvarme.no/favicon.ico,logos/statkraftvarme.no_77d9d2d8.jpg,
https://kiwiqa.com.au,https://kiwiqa.com.au/favicon.ico,logos/kiwiqa.com.au_b6327931.png,
https://avis.nc,https://avis.nc/favicon.ico,logos/avis.nc_d8733fff.png,
https://toyotasonkar.com.tr,https://toyotasonkar.com.tr/favicon.ico,logos/toyotasonkar.com.tr_9fefd624.png,
https://kia-bandung.com,https://kia-bandung.com/favicon.ico,logos/kia-bandung.com_90c43bf5.png,
https://subway.ru,https://subway.ru/favicon.ico,logos/subway.ru_86329ae9.png,
https://pigtailsandcrewcutsfranchise.com,https://pigtailsandcrewcutsfranchise.com/favicon.ico,logos/pigtailsandcrewcutsfranchise.com_f85263eb.png,
https://culliganh2o.com,https://culliganh2o.com/favicon.ico,logos/culliganh2o.com_b7a9010d.png,
https://greatplacetowork.com.co,https://greatplacetowork.com.co/apple-touch-icon.png,logos/greatplacetowork.com.co_3039241f.svg,
https://aeccglobal.co.id,https://aeccglobal.co.id/apple-touch-icon.png,logos/aeccglobal.co.id_cd712373.png,
https://msmode.es,https://msmode.es/favicon.ico,logos/msmode.es_30d5b085.jpg,
https://apexdynamicsgermany.de,https://apexdynamicsgermany.de/favicon.ico,logos/apexdynamicsgermany.de_879afe66.ico,
https://asendia.at,https://asendia.at/favicon.ico,logos/asendia.at_bdca1c34.png,
https://worldvision.com.au,https://worldvision.com.au/favicon.ico,logos/worldvision.com.au_216e0840.png,
https://accelltherapy.com.au,https://accelltherapy.com.au/favicon.ico,logos/accelltherapy.com.au_69a38e1f.png,
https://krugerkaldnes.no,https://krugerkaldnes.no/favicon.ico,logos/krugerkaldnes.no_62f968b1.png,
https://bbraun.pe,https://bbraun.pe/favicon.ico,logos/bbraun.pe_e369372d.jpg,
https://bluecardagency.ru,https://bluecardagency.ru/favicon.ico,logos/bluecardagency.ru_f1290cf8.png,
https://aamcocovinaca.com,https://aamcocovinaca.com/favicon.ico,logos/aamcocovinaca.com_6dc4950e.jpg,
https://cpi-print.com,https://cpi-print.com/favicon.ico,logos/cpi-print.com_7f54ce68.png,
https://daikinuae.com,https://daikinuae.com/favicon.ico,logos/daikinuae.com_036ed947.jpg,
https://crif.ch,https://crif.ch/favicon.ico,logos/crif.ch_81f17923.svg,
https://aamcospokanevalleywa.com,https://aamcospokanevalleywa.com/favicon.ico,logos/aamcospokanevalleywa.com_6dc4950e.jpg,
https://honda-lemans.com,https://honda-lemans.com/favicon.ico,logos/honda-lemans.com_5ac024fa.png,
https://experian.co.uk,https://experian.co.uk/favicon.ico,logos/experian.co.uk_1c7179b8.ico,
https://mazda-autohaus-richter-forst.de,https://mazda-autohaus-richter-forst.de/favicon.ico,logos/mazda-autohaus-richter-forst.de_e30ad08e.png,
https://repsol.fr,https://repsol.fr/favicon.ico,logos/repsol.fr_8bf70d45.png,
https://pirtek.nl,https://pirtek.nl/favicon.ico,logos/pirtek.nl_2249902c.png,
https://edf-re.com.au,https://edf-re.com.au/favicon.ico,logos/edf-re.com.au_d6ceccc6.png,
https://aamcomarietta-cobbparkway.com,https://aamcomarietta-cobbparkway.com/favicon.ico,logos/aamcomarietta-cobbparkway.com_6dc4950e.jpg,
https://aamcoelcajon.com,https://aamcoelcajon.com/favicon.ico,logos/aamcoelcajon.com_1f263d2d.jpg,
https://aamcopomonaca.com,https://aamcopomonaca.com/favicon.ico,logos/aamcopomonaca.com_6dc4950e.jpg,
https://repsol.us,https://repsol.us/favicon.ico,logos/repsol.us_8bf70d45.png,
https://kia-duerkop-hannover.de,https://kia-duerkop-hannover.de/favicon.ico,logos/kia-duerkop-hannover.de_3adb77e9.svg,
https://holidayland-reisebuero-stuppert.de,https://holidayland-reisebuero-stuppert.de/favicon.ico,logos/holidayland-reisebuero-stuppert.de_05c461c9.png,
https://bbraun.mx,https://bbraun.mx/favicon.ico,logos/bbraun.mx_e369372d.jpg,
https://airbnb.com.br,https://airbnb.com.br/favicon.ico,logos/airbnb.com.br_8a0b5266.png,
https://benlomondinc.com,https://benlomondinc.com/favicon.ico,logos/benlomondinc.com_e0866379.ico,
https://meniconamerica.com,https://meniconamerica.com/favicon.ico,logos/meniconamerica.com_d57c4885.svg,
https://mazda-autohaus-hohenfeld-dinslaken.de,https://mazda-autohaus-hohenfeld-dinslaken.de/favicon.ico,logos/mazda-autohaus-hohenfeld-dinslaken.de_e30ad08e.png,
https://culliganwooster.com,https://culliganwooster.com/favicon.ico,logos/culliganwooster.com_cec809c8.png,
https://alten.ca,https://alten.ca/favicon.ico,logos/alten.ca_9d8bc875.png,
https://murrelektronik.cz,https://murrelektronik.cz/apple-touch-icon.png,logos/murrelektronik.cz_899a0e99.png,
https://msd-animal-health.co.nz,https://www.msd-animal-health.co.nz/wp-content/uploads/sites/39/2023/02/IMG_5876-rotated.jpeg,logos/msd-animal-health.co.nz_700c76f9.png,
https://toyotanorthedsa.com,https://toyotanorthedsa.com/favicon.ico,logos/toyotanorthedsa.com_73d9a62d.png,
https://culliganjanesville.com,https://culliganjanesville.com/favicon.ico,logos/culliganjanesville.com_52691706.ico,
https://bellaplanta.de,https://bellaplanta.de/favicon.ico,logos/bellaplanta.de_836d644e.svg,
https://algeco.cz,https://algeco.cz/favicon.ico,logos/algeco.cz_285fe773.png,
https://airbnb.com.co,https://airbnb.com.co/favicon.ico,logos/airbnb.com.co_8a0b5266.png,
https://funiber.sn,https://funiber.sn/favicon.ico,logos/funiber.sn_df396a15.svg,
https://johnsmedley.jp,https://johnsmedley.jp/favicon.ico,logos/johnsmedley.jp_3f9ef025.png,
https://engie-refrigeration.de,https://engie-refrigeration.de/favicon.ico,logos/engie-refrigeration.de_494a39b8.svg,
https://aamcopatchogue.com,https://aamcopatchogue.com/favicon.ico,logos/aamcopatchogue.com_6dc4950e.jpg,
https://gs1.dk,https://gs1.dk/favicon.ico,logos/gs1.dk_09c7a6d8.png,
https://thebodyshop.lt,https://thebodyshop.lt/favicon.ico,logos/thebodyshop.lt_731c7e4c.png,
https://mazdadesherbrooke.com,https://mazdadesherbrooke.com/favicon.ico,logos/mazdadesherbrooke.com_675d8b93.ico,
https://aamcosantaanaca.com,https://aamcosantaanaca.com/favicon.ico,logos/aamcosantaanaca.com_6dc4950e.jpg,
https://aamcoerlanger.com,https://aamcoerlanger.com/favicon.ico,logos/aamcoerlanger.com_6dc4950e.jpg,
https://lww.co.uk,https://lww.co.uk/favicon.ico,logos/lww.co.uk_d4840e3d.jpg,
https://aamcokansascitysouth.com,https://aamcokansascitysouth.com/favicon.ico,logos/aamcokansascitysouth.com_986dc631.jpg,
https://esseskincare.co.uk,https://esseskincare.co.uk/favicon.ico,logos/esseskincare.co.uk_99bc4bf9.png,
https://prioritymanagementscotland.co.uk,https://prioritymanagementscotland.co.uk/favicon.ico,logos/prioritymanagementscotland.co.uk_d6ffcdc7.png,
https://vans.co.nz,https://vans.co.nz/favicon.ico,logos/vans.co.nz_b82c0807.ico,
https://crocs.com.pe,https://crocs.com.pe/favicon.ico,logos/crocs.com.pe_ea36106d.ico,
https://sto.com.tr,https://sto.com.tr/favicon.ico,logos/sto.com.tr_b750a18c.png,
https://aamcoranchocucamonga.com,https://aamcoranchocucamonga.com/favicon.ico,logos/aamcoranchocucamonga.com_6dc4950e.jpg,
https://engie.nl,https://engie.nl/apple-touch-icon-precomposed.png,logos/engie.nl_928ad1bc.png,
https://gjw-hessen.de,https://gjw-hessen.de/favicon.ico,logos/gjw-hessen.de_cca5b2e4.png,
https://aamcoreynoldsburgoh.com,https://aamcoreynoldsburgoh.com/favicon.ico,logos/aamcoreynoldsburgoh.com_6dc4950e.jpg,
https://kiatorun.pl,https://kiatorun.pl/favicon.ico,logos/kiatorun.pl_57929cad.png,
https://mazda-autohaus-wuttke-gummersbach.de,https://mazda-autohaus-wuttke-gummersbach.de/favicon.ico,logos/mazda-autohaus-wuttke-gummersbach.de_e30ad08e.png,
https://budgetglacier.com,https://budgetglacier.com/favicon.ico,logos/budgetglacier.com_238a573b.png,
https://eccreditcontrol.com.au,https://eccreditcontrol.com.au/favicon.ico,logos/eccreditcontrol.com.au_f571340d.png,
https://einhell.rs,https://einhell.rs/favicon.ico,logos/einhell.rs_74f0ed70.jpg,
https://aamcocolumbus-clevelandave.com,https://aamcocolumbus-clevelandave.com/favicon.ico,logos/aamcocolumbus-clevelandave.com_6dc4950e.jpg,
https://wuerth.bg,https://wuerth.bg/favicon.ico,logos/wuerth.bg_82b36cf0.png,
https://viessmann.ua,https://viessmann.ua/apple-touch-icon.png,logos/viessmann.ua_9a3ec2b1.jpg,
https://culliganofwestbranch.com,https://culliganofwestbranch.com/favicon.ico,logos/culliganofwestbranch.com_c0326220.svg,
https://narscosmetics.co.uk,https://narscosmetics.co.uk/favicon.ico,logos/narscosmetics.co.uk_789dd6f6.svg,
https://jungheinrich.com.my,https://jungheinrich.com.my/favicon.ico,logos/jungheinrich.com.my_a117edd8.ico,
https://nordicpharma.fr,https://nordicpharma.fr/favicon.ico,logos/nordicpharma.fr_a0754794.png,
https://toyota.ae,https://toyota.ae/favicon.ico,logos/toyota.ae_2d9da563.svg,
https://aamcocollegestationtx.com,https://aamcocollegestationtx.com/favicon.ico,logos/aamcocollegestationtx.com_986dc631.jpg,
https://intersport-lesrousses.com,https://intersport-lesrousses.com/favicon.ico,logos/intersport-lesrousses.com_17a4c1a7.jpg,
https://ibc-solar.cz,https://ibc-solar.cz/favicon.ico,logos/ibc-solar.cz_cf4c2e5d.ico,
https://honda-saint-maur.com,https://honda-saint-maur.com/favicon.ico,logos/honda-saint-maur.com_5ac024fa.png,
https://kumon.com.ar,https://kumon.com.ar/favicon.ico,logos/kumon.com.ar_636ef228.png,
https://aamcostuartfl.com,https://aamcostuartfl.com/favicon.ico,logos/aamcostuartfl.com_6dc4950e.jpg,
https://aeccglobal.vn,https://aeccglobal.vn/favicon.ico,logos/aeccglobal.vn_fecd26c3.svg,
https://crif.com.tr,https://crif.com.tr/favicon.ico,logos/crif.com.tr_30341e9c.ico,
https://vetpartners.fr,https://vetpartners.fr/favicon.ico,logos/vetpartners.fr_ae5001e0.png,
https://aamcogaithersburgmd.com,https://aamcogaithersburgmd.com/favicon.ico,logos/aamcogaithersburgmd.com_6dc4950e.jpg,
https://ymcalouisville.org,https://ymcalouisville.org/favicon.ico,logos/ymcalouisville.org_f59d0aca.jpg,
https://aamcoredlandsca.com,https://aamcoredlandsca.com/favicon.ico,logos/aamcoredlandsca.com_6dc4950e.jpg,
https://aamco-duluthga.com,https://aamco-duluthga.com/favicon.ico,logos/aamco-duluthga.com_6dc4950e.jpg,
https://sprachschule-aktiv-basel.ch,https://sprachschule-aktiv-basel.ch/favicon.ico,logos/sprachschule-aktiv-basel.ch_f3def725.ico,
https://zalando.co.uk,https://zalando.co.uk/favicon.ico,logos/zalando.co.uk_615ee346.png,
https://cdvi.com,https://cdvi.com/apple-touch-icon.png,logos/cdvi.com_bd2bd2ae.png,
https://aamconorwalk.com,https://aamconorwalk.com/favicon.ico,logos/aamconorwalk.com_9488bf77.jpg,
https://nissanoflebanonnh.com,https://nissanoflebanonnh.com/favicon.ico,logos/nissanoflebanonnh.com_2952a031.png,
https://europa-union-hessen.de,https://europa-union-hessen.de/favicon.ico,logos/europa-union-hessen.de_83fe87a6.ico,
https://murrelektronik.sg,https://murrelektronik.sg/favicon.ico,logos/murrelektronik.sg_899a0e99.png,
https://aamcorockvillemd.com,https://aamcorockvillemd.com/favicon.ico,logos/aamcorockvillemd.com_6dc4950e.jpg,
https://culliganredwing.com,https://culliganredwing.com/favicon.ico,logos/culliganredwing.com_4bf57afb.png,
https://habitatmichigan.org,https://habitatmichigan.org/favicon.ico,logos/habitatmichigan.org_e4b95d0c.jpg,
https://elderhouseadc.com,https://elderhouseadc.com/favicon.ico,logos/elderhouseadc.com_f9f5fc66.png,
https://axa.be,https://axa.be/favicon.ico,logos/axa.be_a9802915.ico,
https://allianz.is,https://allianz.is/favicon.ico,logos/allianz.is_86f81689.png,
https://honda-caen.com,https://honda-caen.com/apple-touch-icon.png,logos/honda-caen.com_5ac024fa.png,
https://aamcomanchesterct.com,https://aamcomanchesterct.com/favicon.ico,logos/aamcomanchesterct.com_6dc4950e.jpg,
https://airbnb.cl,https://airbnb.cl/favicon.ico,logos/airbnb.cl_8a0b5266.png,
https://ajas.cz,https://ajas.cz/favicon.ico,logos/ajas.cz_de978675.png,
https://msdinsight.no,https://msdinsight.no/apple-touch-icon-precomposed.png,logos/msdinsight.no_52bc9481.jpg,
https://kiaspringfield.co.za,https://kiaspringfield.co.za/favicon.ico,logos/kiaspringfield.co.za_b4cd4e34.ico,
https://aamcospringfieldva.com,https://aamcospringfieldva.com/favicon.ico,logos/aamcospringfieldva.com_6dc4950e.jpg,
https://aamcomanassasva.com,https://aamcomanassasva.com/favicon.ico,logos/aamcomanassasva.com_6dc4950e.jpg,
https://aamcohightstownnj.com,https://aamcohightstownnj.com/favicon.ico,logos/aamcohightstownnj.com_c1cdd94b.jpg,
https://aamcobristolpa.com,https://aamcobristolpa.com/favicon.ico,logos/aamcobristolpa.com_6bab0422.jpg,
https://gjw-bb.de,https://gjw-bb.de/favicon.ico,logos/gjw-bb.de_a3452521.ico,
https://aamcotopekaks.com,https://aamcotopekaks.com/favicon.ico,logos/aamcotopekaks.com_6dc4950e.jpg,
https://entergy-louisiana.com,https://entergy-louisiana.com/favicon.ico,logos/entergy-louisiana.com_e2a03e09.png,
https://pragroup.no,https://pragroup.no/favicon.ico,logos/pragroup.no_0693b373.png,
https://enefitvolt.com,https://enefitvolt.com/favicon.ico,logos/enefitvolt.com_c2bf0a41.jpg,
https://entergy-arkansas.com,https://entergy-arkansas.com/favicon.ico,logos/entergy-arkansas.com_432535e5.png,
https://middletemplevenue.org.uk,https://middletemplevenue.org.uk/favicon.ico,logos/middletemplevenue.org.uk_05e7d872.ico,
https://culliganstlouis.com,https://culliganstlouis.com/favicon.ico,logos/culliganstlouis.com_52691706.ico,
https://honda-lorient.com,https://honda-lorient.com/favicon.ico,logos/honda-lorient.com_7bc425ad.jpg,
https://aamcocantonga.com,https://aamcocantonga.com/favicon.ico,logos/aamcocantonga.com_6dc4950e.jpg,
https://brother.com.ar,https://brother.com.ar/favicon.ico,logos/brother.com.ar_d66374cd.jpg,
https://rotary7610.org,https://rotary7610.org/favicon.ico,logos/rotary7610.org_4a9687fe.png,
https://pepsico.ru,https://pepsico.ru/favicon.ico,logos/pepsico.ru_676c7353.png,
https://narscosmetics.fr,https://narscosmetics.fr/favicon.ico,logos/narscosmetics.fr_f7294c63.svg,
https://daad-australia.org,https://daad-australia.org/favicon.ico,logos/daad-australia.org_4bfc3ceb.png,
https://kia-engbert-datteln.de,https://kia-engbert-datteln.de/favicon.ico,logos/kia-engbert-datteln.de_3adb77e9.svg,
https://santanderconsumer.se,https://santanderconsumer.se/favicon.ico,logos/santanderconsumer.se_f9fb1472.svg,
https://kia-lange-gosen.de,https://kia-lange-gosen.de/favicon.ico,logos/kia-lange-gosen.de_3adb77e9.svg,
https://mazda-autohaus-henn-weilamrhein.de,https://mazda-autohaus-henn-weilamrhein.de/favicon.ico,logos/mazda-autohaus-henn-weilamrhein.de_e30ad08e.png,
https://funiber.fr,https://funiber.fr/favicon.ico,logos/funiber.fr_df396a15.svg,
https://culliganslc.com,https://culliganslc.com/favicon.ico,logos/culliganslc.com_52691706.ico,
https://narscosmetics.de,https://narscosmetics.de/favicon.ico,logos/narscosmetics.de_ca1813b4.ico,
https://intersport-alpedhuez.com,https://intersport-alpedhuez.com/favicon.ico,logos/intersport-alpedhuez.com_da0354d3.ico,
https://aamcoportsmouthnh.com,https://aamcoportsmouthnh.com/favicon.ico,logos/aamcoportsmouthnh.com_6dc4950e.jpg,
https://tbwa.it,https://tbwa.it/favicon.ico,logos/tbwa.it_a633627d.svg,
https://savethechildren.org.uk,https://savethechildren.org.uk/favicon.ico,logos/savethechildren.org.uk_83fe63ba.jpg,
https://synlab.mk,https://synlab.mk/favicon.ico,logos/synlab.mk_03fd9738.png,
https://savethechildren.es,https://savethechildren.es/apple-touch-icon.png,logos/savethechildren.es_fcd3874d.png,
https://bauder.fr,https://bauder.fr/favicon.ico,logos/bauder.fr_4f0b8ad1.svg,
https://vkf-renzel.dk,https://vkf-renzel.dk/favicon.ico,logos/vkf-renzel.dk_16cd2934.jpg,
https://schaumann.fr,,,no_logo_found
https://aamcosandiego-miramar.com,https://aamcosandiego-miramar.com/favicon.ico,logos/aamcosandiego-miramar.com_6dc4950e.jpg,
https://analytik-jena.ru,https://analytik-jena.ru/favicon.ico,logos/analytik-jena.ru_494cc92d.ico,
https://bbraun.cz,https://bbraun.cz/favicon.ico,logos/bbraun.cz_b791cb34.jpg,
https://culligansanantonio.com,https://culligansanantonio.com/favicon.ico,logos/culligansanantonio.com_f500f77b.png,
https://grantthornton.ci,https://grantthornton.ci/favicon.ico,logos/grantthornton.ci_24511a6b.png,
https://boxful.com.tw,https://boxful.com.tw/favicon.ico,logos/boxful.com.tw_cb839364.png,
https://movingstarsinc.com,https://movingstarsinc.com/favicon.ico,logos/movingstarsinc.com_f133308a.jpg,
https://tanameracoffee.com,,,no_logo_found
https://synlab.com.ng,https://www.synlab.com.ng/wp-content/uploads/2022/11/logo_synlab-100x100.png,logos/synlab.com.ng_28c5ad69.svg,
https://entergy-nuclear.com,https://entergy-nuclear.com/favicon.ico,logos/entergy-nuclear.com_48e04218.jpg,
https://indianmotorcyclesturgis.com,https://indianmotorcyclesturgis.com/favicon.ico,logos/indianmotorcyclesturgis.com_2d916492.png,
https://entergynewsroom.com,https://entergynewsroom.com/favicon.ico,logos/entergynewsroom.com_ea2e9cdb.jpg,
https://culliganofsouthwestwisconsin.com,https://culliganofsouthwestwisconsin.com/favicon.ico,logos/culliganofsouthwestwisconsin.com_cec809c8.png,
https://ardex.eu,https://ardex.eu/favicon.ico,logos/ardex.eu_f3bc4582.ico,
https://equans.lu,https://equans.lu/favicon.ico,logos/equans.lu_d1c84e26.jpg,
https://berlitznouvelleaquitaine.fr,https://berlitznouvelleaquitaine.fr/favicon.ico,logos/berlitznouvelleaquitaine.fr_097f8b31.svg,
https://culliganlemars.com,https://culliganlemars.com/favicon.ico,logos/culliganlemars.com_4e3f620a.png,
https://aamcolubbock.com,https://aamcolubbock.com/favicon.ico,logos/aamcolubbock.com_6dc4950e.jpg,
https://cdvi.fr,https://cdvi.fr/favicon.ico,logos/cdvi.fr_acb9372e.svg,
https://gs1tn.org,https://gs1tn.org/favicon.ico,logos/gs1tn.org_daf4fdc3.png,
https://wordans.it,https://wordans.it/favicon.ico,logos/wordans.it_01073e30.svg,
https://toysrus.pt,https://toysrus.pt/favicon.ico,logos/toysrus.pt_66870b38.webp,
https://spie-osmo.de,,,no_logo_found
https://siebtechnik-tema.nl,https://siebtechnik-tema.nl/favicon.ico,logos/siebtechnik-tema.nl_5abffaaa.ico,
https://stoag.ch,https://stoag.ch/favicon.ico,logos/stoag.ch_b750a18c.png,
https://toysrus.com.bn,https://toysrus.com.bn/favicon.ico,logos/toysrus.com.bn_d6994414.jpg,
https://demeter.it,https://demeter.it/favicon.ico,logos/demeter.it_03fba34d.jpg,
https://pauldaviswi.com,https://pauldaviswi.com/apple-touch-icon.png,logos/pauldaviswi.com_4a964420.png,
https://allianzim.com,https://allianzim.com/favicon.ico,logos/allianzim.com_79109d1a.ico,
https://duracell-me.com,https://duracell-me.com/favicon.ico,logos/duracell-me.com_0a3332be.png,
https://bbraun-vetcare.pt,https://bbraun-vetcare.pt/favicon.ico,logos/bbraun-vetcare.pt_88b43ede.png,
https://culliganwisconsin.com,https://culliganwisconsin.com/favicon.ico,logos/culliganwisconsin.com_7437becd.svg,
https://veolianorthamerica.com,https://veolianorthamerica.com/favicon.ico,logos/veolianorthamerica.com_62f968b1.png,
https://lamborghini-rotterdam.nl,https://lamborghini-rotterdam.nl/favicon.ico,logos/lamborghini-rotterdam.nl_1528d712.png,
https://freseniuskidneycare.asia,https://freseniuskidneycare.asia/apple-touch-icon.png,logos/freseniuskidneycare.asia_fdf3e335.jpg,
https://komoder.md,https://komoder.md/favicon.ico,logos/komoder.md_cfd68b6b.jpg,
https://toyotacomauto.com,https://toyotacomauto.com/favicon.ico,logos/toyotacomauto.com_474a3b72.jpg,
https://holidayland-bruchkoebel.de,https://holidayland-bruchkoebel.de/favicon.ico,logos/holidayland-bruchkoebel.de_05c461c9.png,
https://kia-fischer-muenchberg.de,https://kia-fischer-muenchberg.de/favicon.ico,logos/kia-fischer-muenchberg.de_3adb77e9.svg,
https://asendia.se,https://asendia.se/favicon.ico,logos/asendia.se_7c92272b.png,
https://bosch-pt.com.my,https://bosch-pt.com.my/favicon.ico,logos/bosch-pt.com.my_fa57f3f6.jpg,
https://soneparthailand.com,https://soneparthailand.com/favicon.ico,logos/soneparthailand.com_35000e60.png,
https://synlab.by,https://synlab.by/favicon.ico,logos/synlab.by_854ab7ba.png,
https://truemoney.com.vn,https://truemoney.com.vn/favicon.ico,logos/truemoney.com.vn_d3f98f75.png,
https://greatplacetowork.cn,https://greatplacetowork.cn/apple-touch-icon.png,logos/greatplacetowork.cn_dc1993d1.png,
https://zkteco.com.bd,https://zkteco.com.bd/favicon.ico,logos/zkteco.com.bd_3183888d.png,
https://intersport.com.tr,https://intersport.com.tr/favicon.ico,logos/intersport.com.tr_007a612a.jpg,
https://airbnb.hu,https://airbnb.hu/favicon.ico,logos/airbnb.hu_8a0b5266.png,
https://hamburg.com,,,no_logo_found
https://desjoyauxgh.com,https://desjoyauxgh.com/favicon.ico,logos/desjoyauxgh.com_4c21f036.png,
https://fainvestors.com,https://fainvestors.com/favicon.ico,logos/fainvestors.com_5fca4550.png,
https://experian.com.hk,https://www.experian.com.hk/wp-content/themes/apac/img/apple-touch-icon.png,logos/experian.com.hk_db251ad0.png,
https://baywa-re.co.kr,https://baywa-re.co.kr/favicon.ico,logos/baywa-re.co.kr_d4f95cca.png,
https://amway.com.do,https://amway.com.do/favicon.ico,logos/amway.com.do_2bc3511f.png,
https://msd-animal-health.pl,https://www.msd-animal-health.pl/wp-content/uploads/sites/16/2025/10/Grafika.png,logos/msd-animal-health.pl_342a161a.png,
https://mazda-autohaus-banaszak-wesel.de,https://mazda-autohaus-banaszak-wesel.de/favicon.ico,logos/mazda-autohaus-banaszak-wesel.de_8a272ed0.png,
https://veka.hu,https://veka.hu/favicon.ico,logos/veka.hu_7d353ffc.svg,
https://asendia.sg,https://asendia.sg/favicon.ico,logos/asendia.sg_7c92272b.png,
https://culliganmonroe.com,https://culliganmonroe.com/favicon.ico,logos/culliganmonroe.com_c0326220.svg,
https://aamcoahwatukee.com,https://aamcoahwatukee.com/favicon.ico,logos/aamcoahwatukee.com_1f263d2d.jpg,
https://deheus.id,https://deheus.id/favicon.ico,logos/deheus.id_ff028349.jpg,
https://thelocal.no,https://thelocal.no/favicon.ico,logos/thelocal.no_e02f30b3.svg,
https://aamcolakeworth.com,https://aamcolakeworth.com/favicon.ico,logos/aamcolakeworth.com_6dc4950e.jpg,
https://bimedasuramerica.com,https://bimedasuramerica.com/favicon.ico,logos/bimedasuramerica.com_9cb15cec.jpg,
https://aamcoantiochca.com,https://aamcoantiochca.com/favicon.ico,logos/aamcoantiochca.com_6dc4950e.jpg,
https://honda-montpellier.com,https://honda-montpellier.com/favicon.ico,logos/honda-montpellier.com_ba701085.png,
https://gs1bg.org,https://gs1bg.org/favicon.ico,logos/gs1bg.org_20e6a77c.png,
https://rotary5960.org,https://rotary5960.org/favicon.ico,logos/rotary5960.org_4fe97220.png,
https://cinnabon.pk,https://cinnabon.pk/favicon.ico,logos/cinnabon.pk_ca2ea324.png,
https://msd-animal-health.com.au,https://msd-animal-health.com.au/favicon.ico,logos/msd-animal-health.com.au_342a161a.png,
https://eurofinsfoodtesting.com,https://eurofinsfoodtesting.com/favicon.ico,logos/eurofinsfoodtesting.com_ae67b252.ico,
https://compo.es,https://compo.es/favicon.ico,logos/compo.es_e75bd743.jpg,
https://cinnabon-egypt.com,https://cinnabon-egypt.com/favicon.ico,logos/cinnabon-egypt.com_92f5e563.svg,
https://allianzpp.com,https://allianzpp.com/favicon.ico,logos/allianzpp.com_1eb26315.png,
https://aamcotemeculaca.com,https://aamcotemeculaca.com/favicon.ico,logos/aamcotemeculaca.com_6dc4950e.jpg,
https://aamcodowneyca.com,https://aamcodowneyca.com/favicon.ico,logos/aamcodowneyca.com_6dc4950e.jpg,
https://rotary7620.org,https://rotary7620.org/favicon.ico,logos/rotary7620.org_50434441.png,
https://aamcohamptonva.com,https://aamcohamptonva.com/favicon.ico,logos/aamcohamptonva.com_6dc4950e.jpg,
https://bizfilings.com,https://bizfilings.com/favicon.ico,logos/bizfilings.com_fade5696.svg,
https://aamcohackettstown.com,https://aamcohackettstown.com/favicon.ico,logos/aamcohackettstown.com_f2aa673b.jpg,
https://aamcovancouver99.com,https://aamcovancouver99.com/favicon.ico,logos/aamcovancouver99.com_6dc4950e.jpg,
https://entergy-mississippi.com,https://entergy-mississippi.com/favicon.ico,logos/entergy-mississippi.com_e4279c82.png,
https://airbnb.com.vn,https://airbnb.com.vn/favicon.ico,logos/airbnb.com.vn_8a0b5266.png,
https://h2oinnovation.mx,https://h2oinnovation.mx/favicon.ico,logos/h2oinnovation.mx_a35c63ce.png,
https://nikonimgsupport.com,https://nikonimgsupport.com/favicon.ico,logos/nikonimgsupport.com_72247e40.ico,
https://greatplacetowork.at,https://greatplacetowork.at/favicon.ico,logos/greatplacetowork.at_4d5b3df9.png,
https://benu.ch,https://benu.ch/favicon.ico,logos/benu.ch_90230356.webp,
https://nordicpharma.ch,https://nordicpharma.ch/favicon.ico,logos/nordicpharma.ch_a0754794.png,
https://piccinifuels.it,https://piccinifuels.it/favicon.ico,logos/piccinifuels.it_7b93ba39.png,
https://securitas24.de,,,no_logo_found
https://misterwhat.com.br,https://misterwhat.com.br/favicon.ico,logos/misterwhat.com.br_e25fea5e.png,
https://janegal.sk,https://janegal.sk/favicon.ico,logos/janegal.sk_ba9e3225.jpg,
https://enterprise.se,https://enterprise.se/favicon.ico,logos/enterprise.se_4902441e.png,
https://desjoyaux.de,https://desjoyaux.de/favicon.ico,logos/desjoyaux.de_6ef59d97.png,
https://aamcophoenixcentral.com,https://aamcophoenixcentral.com/favicon.ico,logos/aamcophoenixcentral.com_6dc4950e.jpg,
https://bimedaus.com,https://bimedaus.com/favicon.ico,logos/bimedaus.com_200c563e.jpg,
https://bbraun.co.th,https://bbraun.co.th/favicon.ico,logos/bbraun.co.th_b791cb34.jpg,
https://msd-animal-health.be,https://msd-animal-health.be/favicon.ico,logos/msd-animal-health.be_342a161a.png,
https://takedaoncology.com,https://takedaoncology.com/favicon.ico,logos/takedaoncology.com_452c9090.jpg,
https://veka.fr,https://veka.fr/favicon.ico,logos/veka.fr_7d353ffc.svg,
https://gjw-nd.de,https://gjw-nd.de/favicon.ico,logos/gjw-nd.de_cca5b2e4.png,
https://aon.co.nz,https://aon.co.nz/favicon.ico,logos/aon.co.nz_8cf7fb0a.png,
https://pmsgen.com,https://pmsgen.com/favicon.ico,logos/pmsgen.com_92babb2a.png,
https://airbnb.si,https://airbnb.si/favicon.ico,logos/airbnb.si_468e05d1.png,
https://ebay.it,https://ebay.it/favicon.ico,logos/ebay.it_d1adf3e4.jpg,
https://designmehair.cz,https://designmehair.cz/favicon.ico,logos/designmehair.cz_9eb89009.png,
https://aamcoconcordnh.com,https://aamcoconcordnh.com/favicon.ico,logos/aamcoconcordnh.com_6dc4950e.jpg,
https://aamcocedarparktx.com,https://aamcocedarparktx.com/favicon.ico,logos/aamcocedarparktx.com_1f263d2d.jpg,
https://nexicentraleurope.com,https://nexicentraleurope.com/favicon.ico,logos/nexicentraleurope.com_35d74fdc.svg,
https://nobleprog.com.ng,https://nobleprog.com.ng/favicon.ico,logos/nobleprog.com.ng_8af95bb3.png,
https://dulux.co.za,,,no_logo_found
https://nordicpharma.es,https://nordicpharma.es/apple-touch-icon.png,logos/nordicpharma.es_a0754794.png,
https://svnprovidence.com,https://svnprovidence.com/favicon.ico,logos/svnprovidence.com_19055dd3.png,
https://culligangrandrapids.com,https://culligangrandrapids.com/favicon.ico,logos/culligangrandrapids.com_4e3f620a.png,
https://aamcowalnutcreekca.com,https://aamcowalnutcreekca.com/favicon.ico,logos/aamcowalnutcreekca.com_6dc4950e.jpg,
https://ekartlogistics.in,https://ekartlogistics.in/favicon.ico,logos/ekartlogistics.in_403bc5ca.png,
https://jetfriorefrigeracao.com.br,https://jetfriorefrigeracao.com.br/favicon.ico,logos/jetfriorefrigeracao.com.br_8cb49b3c.png,
https://bosch-climate.com.tr,https://bosch-climate.com.tr/favicon.ico,logos/bosch-climate.com.tr_1115859a.ico,
https://vkf-renzel.hu,https://vkf-renzel.hu/favicon.ico,logos/vkf-renzel.hu_393c8936.png,
https://delreg.com,https://delreg.com/favicon.ico,logos/delreg.com_fade5696.svg,
https://ymcatoledo.org,https://ymcatoledo.org/favicon.ico,logos/ymcatoledo.org_b51cb734.png,
https://sompo-intl.com,https://sompo-intl.com/favicon.ico,logos/sompo-intl.com_c513c340.svg,
https://desjoyaux.co.uk,https://desjoyaux.co.uk/favicon.ico,logos/desjoyaux.co.uk_b85a1a14.png,
https://actemium.se,https://actemium.se/favicon.ico,logos/actemium.se_9724a650.png,
https://bioderma.com,https://bioderma.com/favicon.ico,logos/bioderma.com_7740d016.png,
https://aamcolexingtonwest.com,https://aamcolexingtonwest.com/favicon.ico,logos/aamcolexingtonwest.com_615a9a97.svg,
https://budget-ireland.co.uk,https://budget-ireland.co.uk/favicon.ico,logos/budget-ireland.co.uk_77e40d2a.gif,
https://katyawilliamsbridal.com,https://katyawilliamsbridal.com/apple-touch-icon.png,logos/katyawilliamsbridal.com_f1b98fbc.jpg,
https://spie-energotest.pl,https://spie-energotest.pl/favicon.ico,logos/spie-energotest.pl_c221bb8f.ico,
https://hertz.yt,https://hertz.yt/favicon.ico,logos/hertz.yt_305bbb95.png,
https://subaru.com.gt,https://subaru.com.gt/favicon.ico,logos/subaru.com.gt_c75b1534.png,
https://mtn.ng,https://mtn.ng/favicon.ico,logos/mtn.ng_a4aaf404.svg,
https://statkraft.com.pe,https://statkraft.com.pe/apple-touch-icon.png,logos/statkraft.com.pe_d4741108.png,
https://aamcogolflinks.com,https://aamcogolflinks.com/favicon.ico,logos/aamcogolflinks.com_1bfc5dc0.svg,
https://einhell.fi,https://einhell.fi/favicon.ico,logos/einhell.fi_52406c91.png,
https://brother.com.mx,https://brother.com.mx/favicon.ico,logos/brother.com.mx_64d6076e.jpg,
https://sonepar.cz,https://sonepar.cz/favicon.ico,logos/sonepar.cz_40c10811.ico,
https://fft-ps.pl,https://fft-ps.pl/favicon.ico,logos/fft-ps.pl_79cf03a0.webp,
https://nutrienagsolutions.ca,https://nutrienagsolutions.ca/favicon.ico,logos/nutrienagsolutions.ca_0cb6ddb1.png,
https://secom.vn,https://secom.vn/favicon.ico,logos/secom.vn_cf875a5d.svg,
https://mtn.cg,https://www.mtn.cg/wp-content/uploads/2025/01/471500721_18335038492158005_5808123838629330767_n.jpg,logos/mtn.cg_fac409ca.png,
https://dfcapital-investors.com,https://dfcapital-investors.com/favicon.ico,logos/dfcapital-investors.com_316ef768.svg,
https://aeccglobal.my,https://aeccglobal.my/favicon.ico,logos/aeccglobal.my_40c0c751.png,
https://eurofins.hr,https://eurofins.hr/favicon.ico,logos/eurofins.hr_2eb701f7.png,
https://kia-poeschl-bensheim.de,https://kia-poeschl-bensheim.de/favicon.ico,logos/kia-poeschl-bensheim.de_3adb77e9.svg,
https://toolstationjobs.nl,https://toolstationjobs.nl/favicon.ico,logos/toolstationjobs.nl_467bb8c6.ico,
https://papajohns.com.pk,https://papajohns.com.pk/favicon.ico,logos/papajohns.com.pk_32cf893b.png,
https://sprachschule-aktiv-passau.de,https://sprachschule-aktiv-passau.de/favicon.ico,logos/sprachschule-aktiv-passau.de_f3def725.ico,
https://aeccglobal.lk,https://aeccglobal.lk/apple-touch-icon.png,logos/aeccglobal.lk_a0526eb4.png,
https://medicover.de,https://medicover.de/favicon.ico,logos/medicover.de_98003056.png,
https://daikin.eu,https://daikin.eu/favicon.ico,logos/daikin.eu_63f7a411.jpg,
https://culliganlansing.com,https://culliganlansing.com/favicon.ico,logos/culliganlansing.com_4e3f620a.png,
https://airbnb.co.id,https://airbnb.co.id/favicon.ico,logos/airbnb.co.id_8a0b5266.png,
https://esseskincare.hk,https://esseskincare.hk/apple-touch-icon-precomposed.png,logos/esseskincare.hk_bff183c7.png,
https://honda-mulhouse.com,https://honda-mulhouse.com/apple-touch-icon.png,logos/honda-mulhouse.com_5ac024fa.png,
https://aamcoglendaleca.com,https://aamcoglendaleca.com/favicon.ico,logos/aamcoglendaleca.com_2b5b087e.ico,
https://nordicpharma.be,https://nordicpharma.be/favicon.ico,logos/nordicpharma.be_a0754794.png,
https://bbraun.co.za,https://bbraun.co.za/favicon.ico,logos/bbraun.co.za_bc888d01.jpg,
https://honda-dijon.com,https://honda-dijon.com/favicon.ico,logos/honda-dijon.com_ef26df36.png,
https://starbucks.com.gr,,,no_logo_found
https://aamcobradenton.com,https://aamcobradenton.com/favicon.ico,logos/aamcobradenton.com_6dc4950e.jpg,
https://statkraft.com.tr,https://statkraft.com.tr/favicon.ico,logos/statkraft.com.tr_8a61d820.png,
https://salvationarmyflorida.org,https://salvationarmyflorida.org/favicon.ico,logos/salvationarmyflorida.org_da5bcd81.svg,
https://aamcosouthsarasota.com,https://aamcosouthsarasota.com/favicon.ico,logos/aamcosouthsarasota.com_6dc4950e.jpg,
https://vbh.com.es,https://vbh.com.es/favicon.ico,logos/vbh.com.es_cd67af2c.ico,
https://aamcofortlauderdale-dixiehwy.com,https://aamcofortlauderdale-dixiehwy.com/favicon.ico,logos/aamcofortlauderdale-dixiehwy.com_6dc4950e.jpg,
https://duracleanservices.net,https://duracleanservices.net/favicon.ico,logos/duracleanservices.net_2a62bdd6.ico,
https://aamcooklahomacity-northwest.com,https://aamcooklahomacity-northwest.com/favicon.ico,logos/aamcooklahomacity-northwest.com_6dc4950e.jpg,
https://airbnb.ca,https://airbnb.ca/favicon.ico,logos/airbnb.ca_8a0b5266.png,
https://sitech.fi,https://sitech.fi/favicon.ico,logos/sitech.fi_f59c9bfa.ico,
https://aamcoblog.com,https://aamcoblog.com/favicon.ico,logos/aamcoblog.com_1b5e2ceb.jpg,
https://aamcomcdonoughga.com,https://aamcomcdonoughga.com/favicon.ico,logos/aamcomcdonoughga.com_6dc4950e.jpg,
https://santanderconsumer.fi,https://santanderconsumer.fi/favicon.ico,logos/santanderconsumer.fi_7be8afae.svg,
https://mariagefreres.co.jp,https://mariagefreres.co.jp/favicon.ico,logos/mariagefreres.co.jp_0b2eb537.webp,
https://aamcopuyallupwa.com,https://aamcopuyallupwa.com/favicon.ico,logos/aamcopuyallupwa.com_6dc4950e.jpg,
https://edenred.cl,https://edenred.cl/favicon.ico,logos/edenred.cl_1868feb0.png,
https://toyota.com.np,https://toyota.com.np/favicon.ico,logos/toyota.com.np_6696eebc.jpg,
https://kumon.com.pe,https://kumon.com.pe/favicon.ico,logos/kumon.com.pe_085c9ec6.png,
https://thebodyshop.ee,https://thebodyshop.ee/favicon.ico,logos/thebodyshop.ee_731c7e4c.png,
https://kern-liebers.it,https://kern-liebers.it/favicon.ico,logos/kern-liebers.it_04ec3b2c.ico,
https://aliaxis.pl,https://aliaxis.pl/favicon.ico,logos/aliaxis.pl_ee6b989b.png,
https://nextbikeczech.com,https://nextbikeczech.com/favicon.ico,logos/nextbikeczech.com_ce6d1767.png,
https://topdoctors.cl,https://topdoctors.cl/favicon.ico,logos/topdoctors.cl_13a76a0d.webp,
https://msmode.lu,https://msmode.lu/favicon.ico,logos/msmode.lu_cff3f669.jpg,
https://kumon.com.bo,https://kumon.com.bo/favicon.ico,logos/kumon.com.bo_085c9ec6.png,
https://funiber.org.co,https://funiber.org.co/favicon.ico,logos/funiber.org.co_df396a15.svg,
https://advantisengineering.com,https://advantisengineering.com/favicon.ico,logos/advantisengineering.com_c6b4873f.png,
https://howdentiger.com,https://howdentiger.com/favicon.ico,logos/howdentiger.com_dd5f20f5.jpg,
https://stampinup.uk,https://stampinup.uk/favicon.ico,logos/stampinup.uk_7118de55.ico,
https://gs1lt.org,https://gs1lt.org/favicon.ico,logos/gs1lt.org_ef3216a9.ico,
https://honda-chateauroux.com,https://honda-chateauroux.com/favicon.ico,logos/honda-chateauroux.com_4cc78122.png,
https://airbnb.am,https://airbnb.am/favicon.ico,logos/airbnb.am_8a0b5266.png,
https://drinkculligan.com,https://drinkculligan.com/favicon.ico,logos/drinkculligan.com_4e3f620a.png,
https://aamcosanbernardinoca.com,https://aamcosanbernardinoca.com/favicon.ico,logos/aamcosanbernardinoca.com_6dc4950e.jpg,
https://thelocal.fr,https://thelocal.fr/favicon.ico,logos/thelocal.fr_9a16bca1.svg,
https://avis-tahiti.com,https://avis-tahiti.com/favicon.ico,logos/avis-tahiti.com_07a0b2ed.png,
https://gjw-mv.de,https://gjw-mv.de/favicon.ico,logos/gjw-mv.de_cca5b2e4.png,
https://bosch-pt.com.cn,https://bosch-pt.com.cn/favicon.ico,logos/bosch-pt.com.cn_fa57f3f6.jpg,
https://amway.fr,https://amway.fr/favicon.ico,logos/amway.fr_175ce3a3.svg,
https://aamcolawrencevillega.com,https://aamcolawrencevillega.com/favicon.ico,logos/aamcolawrencevillega.com_6dc4950e.jpg,
https://aamcotulsa-harvard.com,https://aamcotulsa-harvard.com/favicon.ico,logos/aamcotulsa-harvard.com_6dc4950e.jpg,
https://bees-sport.nl,https://bees-sport.nl/favicon.ico,logos/bees-sport.nl_411fec3d.png,
https://nissanmiddletownny.com,https://nissanmiddletownny.com/favicon.ico,logos/nissanmiddletownny.com_afa993dc.png,
https://aamcorandallstownmd.com,https://aamcorandallstownmd.com/favicon.ico,logos/aamcorandallstownmd.com_6dc4950e.jpg,
https://mcdonalds-hh.de,https://mcdonalds-hh.de/favicon.ico,logos/mcdonalds-hh.de_e507623b.jpg,
https://aamcomcallen.com,https://aamcomcallen.com/favicon.ico,logos/aamcomcallen.com_6dc4950e.jpg,
https://le-tech.co.uk,https://le-tech.co.uk/favicon.ico,logos/le-tech.co.uk_bc9573be.png,
https://aamcocarync.com,https://aamcocarync.com/favicon.ico,logos/aamcocarync.com_6dc4950e.jpg,
https://cimbbank.com.vn,https://cimbbank.com.vn/favicon.ico,logos/cimbbank.com.vn_bffb424b.png,
https://rcchurch.com,https://rcchurch.com/favicon.ico,logos/rcchurch.com_a665305c.jpg,
https://pepsico.com.co,,,no_logo_found
https://franzcollection.com,,,no_logo_found
https://pepsico.fr,,,no_logo_found
https://wuerth.dk,,,no_logo_found
https://zenithplasticsurgery.com,,,no_logo_found
https://solatube.pt,https://solatube.pt/favicon.ico,logos/solatube.pt_7573ac8b.png,
https://pepsico.ua,,,no_logo_found
https://adecco.com.vn,,,no_logo_found
https://pepsico.com.br,,,no_logo_found
https://spitex-aarenord.ch,,,no_logo_found
https://toyota-handler.at,,,no_logo_found
https://ampersand-world.com,,,no_logo_found
https://pepsico.pt,,,no_logo_found
https://adra.sk,https://adra.sk/favicon.ico,logos/adra.sk_5362b220.png,
https://harigmfg.com,https://harigmfg.com/favicon.ico,logos/harigmfg.com_ec607eb4.jpg,
https://reedglobal.com.tr,,,no_logo_found
https://roca.com.tr,http://roca.com.tr/favicon.ico,logos/roca.com.tr_f2a684bf.ico,
https://iba-protontherapy.com,http://iba-protontherapy.com/favicon.ico,logos/iba-protontherapy.com_3c188c44.jpg,
https://mcdonalds.com.sg,https://mcdonalds.com.sg/favicon.ico,logos/mcdonalds.com.sg_43ff33b4.svg,
https://spitex-muellheim.ch,,,no_logo_found
https://spitexkaiseraugst.ch,,,no_logo_found
https://spitex-gersau.ch,,,no_logo_found
https://adecco.de,,,no_logo_found
https://subaru.eu,http://subaru.eu/favicon.ico,logos/subaru.eu_b00718c6.ico,
https://jll.co.il,http://jll.co.il/favicon.ico,logos/jll.co.il_37ab7293.svg,
https://wurth.co.uk,http://wurth.co.uk/favicon.ico,logos/wurth.co.uk_286bd33c.png,
https://medef-mayenne.com,http://medef-mayenne.com/favicon.ico,logos/medef-mayenne.com_aa2b25e8.ico,
https://bimedacanada.com,http://bimedacanada.com/favicon.ico,logos/bimedacanada.com_f0e28852.png,
https://wuerth.com.kh,http://wuerth.com.kh/favicon.ico,logos/wuerth.com.kh_9e6250d7.png,
https://roca.ro,http://roca.ro/favicon.ico,logos/roca.ro_f2a684bf.ico,
https://jll.ch,http://jll.ch/favicon.ico,logos/jll.ch_37ab7293.svg,
https://aamcoarlington-pantego.com,http://aamcoarlington-pantego.com/favicon.ico,logos/aamcoarlington-pantego.com_15a1cb24.png,
https://lamborghinisarasota.com,http://lamborghinisarasota.com/favicon.ico,logos/lamborghinisarasota.com_7ad80040.png,
https://luminishealthcareers.org,http://luminishealthcareers.org/favicon.ico,logos/luminishealthcareers.org_8eac2596.jpg,
https://ealang.com.cn,http://ealang.com.cn/favicon.ico,logos/ealang.com.cn_4ac9c1f5.png,
https://mazdanorkar.com,http://mazdanorkar.com/favicon.ico,logos/mazdanorkar.com_a71d87aa.png,
https://kia-exner.de,http://kia-exner.de/favicon.ico,logos/kia-exner.de_c8b77059.png,
https://orange.com.lr,http://orange.com.lr/favicon.ico,logos/orange.com.lr_e6d4a765.ico,
https://garminstore.com.br,https://garmin.vtexassets.com/assets/vtex.file-manager-graphql/images/ab1b57b9-dd5a-4c9b-b2ba-cfe04826d3fa___bcd7c682b071b9b21ee65d35e828e67f.png,logos/garminstore.com.br_7729f9a9.svg,
https://dicetek.us,http://dicetek.us/favicon.ico,logos/dicetek.us_2d361713.ico,
https://jll.nz,http://jll.nz/favicon.ico,logos/jll.nz_37ab7293.svg,
https://plameco-huizen.nl,http://plameco-huizen.nl/favicon.ico,logos/plameco-huizen.nl_c9ececfc.ico,
https://spitex-romanshorn.ch,,,no_logo_found
https://spitexampuls.ch,,,no_logo_found
https://culliganchicago.com,,,error_fetch
https://spitex-bodensee.ch,,,no_logo_found
https://spitexgraenichen.ch,,,no_logo_found
https://spitexsense.ch,,,no_logo_found
https://top1toysbleijenberg.nl,http://top1toysbleijenberg.nl/favicon.ico,logos/top1toysbleijenberg.nl_e43d031a.png,
https://aon.hu,http://aon.hu/favicon.ico,logos/aon.hu_18f74621.png,
https://medknow.com,http://medknow.com/favicon.ico,logos/medknow.com_67a6a7fe.svg,
https://roca.fr,http://roca.fr/favicon.ico,logos/roca.fr_f2a684bf.ico,
https://cleansui-usa.com,,,error_fetch
https://mazdaofnewrochelle.com,,,error_fetch
https://vbh.de,,,no_logo_found
https://vwswestgarth.com,,,error_fetch
https://mffshopen.se,http://mffshopen.se/favicon.ico,logos/mffshopen.se_630eb7b9.png,
https://spitex-gaeu.ch,,,no_logo_found
https://mazdaofwooster.com,,,error_fetch
https://acuraofpeabody.com,,,error_fetch
https://chicco.com.tr,,,error_fetch
https://hertz.ro,http://hertz.ro/apple-touch-icon.png,logos/hertz.ro_d4993097.ico,
https://linexranchocordova.com,,,error_fetch
https://greatplacetowork.com.py,http://greatplacetowork.com.py/favicon.ico,logos/greatplacetowork.com.py_3039241f.svg,
https://toyota-innviertel.at,,,no_logo_found
https://ringcontainers.co.uk,,,no_logo_found
https://bbraun.com.my,http://bbraun.com.my/favicon.ico,logos/bbraun.com.my_b791cb34.jpg,
https://roca.co.id,http://roca.co.id/favicon.ico,logos/roca.co.id_f2a684bf.ico,
https://casperscreensnorcal.com,,,no_logo_found
https://countryroadsford.net,,,error_fetch
https://allianz-reiseschutz.de,,,error_fetch
https://kiacoldlake.com,,,error_fetch
https://culligancentralindiana.com,,,error_fetch
https://aamcoraleigh-capitalblvd.com,,,error_fetch
https://invisalign.ch,http://invisalign.ch/favicon.ico,logos/invisalign.ch_8cdc9a53.ico,
https://mitsubishielectricmalaysia.com,,,error_fetch
https://spitex-wyland.ch,,,no_logo_found
https://pepsico.rs,,,no_logo_found
https://starkey.com.br,,,error_fetch
https://deswam.in,,,error_fetch
https://lueck-gruppe.de,http://lueck-gruppe.de/favicon.ico,logos/lueck-gruppe.de_e918c1a0.png,
https://medef-ardennes.com,,,error_fetch
https://moog.fr,,,no_logo_found
https://pepsico.co.it,,,no_logo_found
https://idealindustries.cn,http://idealindustries.cn/favicon.ico,logos/idealindustries.cn_705231be.ico,
https://axa-lifeeurope.com,http://axa-lifeeurope.com/favicon.ico,logos/axa-lifeeurope.com_a9802915.ico,
https://myplumberca.com,,,error_fetch
https://tributek.com,http://tributek.com/favicon.ico,logos/tributek.com_8a08ba51.ico,
https://invisalign.it,http://invisalign.it/favicon.ico,logos/invisalign.it_8cdc9a53.ico,
https://airbnb.ru,http://airbnb.ru/favicon.ico,logos/airbnb.ru_8a0b5266.png,
https://allianz.sg,,,error_fetch
https://toysrus.com.sa,,,error_fetch
https://culliganadvantage.com,,,error_fetch
https://lindt.ch,,,error_fetch
https://nissanofthebronx.com,,,error_fetch
https://overheaddoorbrookfield.com,,,error_fetch
https://medef-44.fr,http://medef-44.fr/favicon.ico,logos/medef-44.fr_aa2b25e8.ico,
https://kiaofmurfreesboro.com,,,error_fetch
https://lamannamovingny.com,http://lamannamovingny.com/favicon.ico,logos/lamannamovingny.com_e9773f6b.png,
https://sephora.ro,,,error_fetch
https://sephora.it,,,error_fetch
https://isover.fi,,,error_fetch
https://sephora.es,,,error_fetch
https://engieresources.com,,,error_fetch
https://kiaofgrandblanc.com,,,error_fetch
https://duracell.pl,,,error_fetch
https://kiaoflumberton.com,,,error_fetch
https://mazdaofmilford.com,,,error_fetch
https://platingsystems.info,,,error_fetch
https://greatplacetowork.com.uy,http://greatplacetowork.com.uy/favicon.ico,logos/greatplacetowork.com.uy_ccf547e8.png,
https://amphenolaudio.com,,,error_fetch
https://lindt.de,,,error_fetch
https://aireserv.ca,,,error_fetch
https://lindt.fi,,,error_fetch
https://pepsico.es,,,no_logo_found
https://nestle.ba,,,error_fetch
https://nikon.com.hk,,,error_fetch
https://vans.it,,,error_fetch
https://kiaofwestburlington.com,,,error_fetch
https://aspenpharma.es,,,error_fetch
https://kiaofbillings.com,,,error_fetch
https://aamcobloomingtonil.com,,,error_fetch
https://aamconsa.com,,,error_fetch
https://astrazeneca.ca,,,error_fetch
https://astrazeneca.com.tr,,,error_fetch
https://habitatbroward.org,,,error_fetch
https://nestle.com.sg,,,error_fetch
https://toyota-givors.fr,,,error_fetch
https://toyota-paris5.fr,,,error_fetch
https://acuraoframsey.com,,,error_fetch
https://solatube.si,,,error_fetch
https://sonepar.hu,,,error_fetch
https://hannainst.hr,,,error_fetch
https://stanbicbank.co.ke,,,error_fetch
https://microbit.nl,,,error_fetch
https://sephora.fr,,,error_fetch
https://ymcatrivalley.org,,,error_fetch
https://yves-rocher.nl,,,error_fetch
https://engie.com.au,,,error_fetch
https://kiaofcoatesville.com,,,error_fetch
https://wurth.es,,,error_fetch
https://thegoodlobby.fr,,,error_fetch
https://mazdaoflodi.com,,,error_fetch
https://veolia.co.uk,,,error_fetch
https://kiaofmuncie.com,,,error_fetch
https://kiaprimavera.com,,,error_fetch
https://monster.at,,,error_fetch
https://isover.ie,,,error_fetch
https://isover.co.kr,,,error_fetch
https://renaultpatria.com.mx,,,error_fetch
https://lidl.ee,,,error_fetch
https://nutricia.be,,,error_fetch
https://nestle.ua,,,error_fetch
https://cfmotoindia.com,,,error_fetch
https://tapflo.nl,,,error_fetch
https://bestwesternbraddock.com,,,error_fetch
https://customneon.com.au,,,error_fetch
https://indianmotorcycle.com.ar,,,error_fetch
https://rinnai.com.tw,,,error_fetch
https://allianzlifebali.com,,,error_fetch
https://budgetqatar.com,,,error_fetch
https://rotary-club-strasbourg.org,,,error_fetch
https://bbraun.bg,,,error_fetch
https://hollandandbarrett.ae,,,error_fetch
https://mcdonalds-mcdelivery.es,,,error_fetch
https://whirlpool-bangladesh.com,,,no_logo_found
https://papajohns.com.tr,,,error_fetch
https://cedstone.ca,,,error_fetch
https://shimadzumea.com,,,error_fetch
https://desjoyauxcreuse.com,,,error_fetch
https://yves-rocher.de,,,error_fetch
https://renaultdelsol.com.mx,,,error_fetch
https://medef-htcis.com,,,error_fetch
https://bauer-egypt.com,,,error_fetch
https://astrazeneca.pt,,,error_fetch
https://pamline.fr,,,error_fetch
https://nestle.dk,,,error_fetch
https://nestle.com.pe,,,error_fetch
https://nestle.com.bo,,,error_fetch
https://nestle.com.ar,,,error_fetch
https://nestle.co.kr,,,error_fetch
https://nestle-esar.com,,,error_fetch
https://nestle.com.uy,,,error_fetch
https://altriusconsulting.com,,,error_fetch
https://toyota-magny.fr,,,error_fetch
https://shimadzu-techno.co.jp,,,error_fetch
https://nutriciavoorjou.nl,,,error_fetch
https://isover.at,,,error_fetch
https://avon.co.mu,,,error_fetch
https://medeforne.fr,,,error_fetch
https://tapflo.se,,,error_fetch
https://norauto-empleo.es,,,error_fetch
https://amnesty.org.ph,,,error_fetch
https://wurthcanarias.es,,,error_fetch
https://sonepar.pe,,,error_fetch
https://wurth.nl,http://wurth.nl/favicon.ico,logos/wurth.nl_4a1c4662.jpg,
https://ardexamericas.com,http://ardexamericas.com/favicon.ico,logos/ardexamericas.com_4db9715c.png,
https://kia-beyschlag.at,http://kia-beyschlag.at/apple-touch-icon.png,logos/kia-beyschlag.at_b8a9c4b3.png,
https://kia-etehad-halstenbek.de,http://kia-etehad-halstenbek.de/favicon.ico,logos/kia-etehad-halstenbek.de_938845ac.jpg,
https://grantthornton.co.im,http://grantthornton.co.im/favicon.ico,logos/grantthornton.co.im_6a3b933e.png,
https://starkeypro.com.au,http://starkeypro.com.au/favicon.ico,logos/starkeypro.com.au_72b5e146.png,
https://medef31.fr,http://medef31.fr/favicon.ico,logos/medef31.fr_aa2b25e8.ico,
https://invisalign.ae,http://invisalign.ae/favicon.ico,logos/invisalign.ae_71cfceb4.svg,
https://siebtechnik-tema.com.au,http://siebtechnik-tema.com.au/favicon.ico,logos/siebtechnik-tema.com.au_fae22943.png,
https://solatube.com.cn,http://solatube.com.cn/favicon.ico,logos/solatube.com.cn_b17a07c2.ico,
https://medef-cher.fr,http://medef-cher.fr/favicon.ico,logos/medef-cher.fr_aa2b25e8.ico,
https://invisalign.de,http://invisalign.de/favicon.ico,logos/invisalign.de_cd9e0e57.svg,
https://hansa-flex.be,,,error_fetch
https://bbraun.ro,,,error_fetch
https://mitsubishielevator.co.kr,,,error_fetch
https://mitsubishielectric.com.cn,,,error_fetch
https://tapflo.by,,,error_fetch
https://manpowergroup.ch,,,error_fetch
https://shimadzu.com.cn,,,error_fetch
https://shimadzu.co.kr,,,error_fetch
https://seiban.com,,,error_fetch
https://toyotamacau.com,,,error_fetch
https://medef-pays-basque.fr,http://medef-pays-basque.fr/favicon.ico,logos/medef-pays-basque.fr_aa2b25e8.ico,
https://spitexrl.ch,,,error_fetch
https://medef-cote-opale.com,http://medef-cote-opale.com/favicon.ico,logos/medef-cote-opale.com_aa2b25e8.ico,
https://isuzugyor.hu,http://isuzugyor.hu/favicon.ico,logos/isuzugyor.hu_2d434022.png,
https://medef-franche-comte.com,http://medef-franche-comte.com/favicon.ico,logos/medef-franche-comte.com_aa2b25e8.ico,
https://wurth.co.za,http://wurth.co.za/favicon.ico,logos/wurth.co.za_286bd33c.png,
https://wuerth.my,,,error_fetch
https://mazda-autohaus-huck-buehl.de,,,error_fetch
https://wurth.pt,http://wurth.pt/favicon.ico,logos/wurth.pt_d6eb678a.png,
https://wurth.lv,http://wurth.lv/favicon.ico,logos/wurth.lv_286bd33c.png,
https://synlab.lt,http://synlab.lt/favicon.ico,logos/synlab.lt_fcf52874.ico,
https://ymcatriangle.org,,,error_fetch
https://mazdavardi.com.co,http://mazdavardi.com.co/apple-touch-icon.png,logos/mazdavardi.com.co_a21f4442.svg,
https://workcircle.com,http://workcircle.com/favicon.ico,logos/workcircle.com_65da18ae.ico,
https://greatplacetowork.cl,http://greatplacetowork.cl/favicon.ico,logos/greatplacetowork.cl_f1d2fa47.png,
https://wurth.cl,http://wurth.cl/favicon.ico,logos/wurth.cl_d6eb678a.png,
https://subarusouthpoint.com,http://subarusouthpoint.com/favicon.ico,logos/subarusouthpoint.com_d0b7d359.jpg,
https://culliganallegan.com,,,error_fetch
https://zkteco-ao.com,,,error_fetch
https://lindt.se,,,error_fetch
https://mazdaofbedford.com,,,error_fetch
https://lindt.com.au,,,error_fetch
https://lindt.es,,,error_fetch
https://lindt.at,,,error_fetch
https://lindt.co.za,,,error_fetch
https://starkey.com.co,,,error_fetch
https://starkeyjp.com,http://starkeyjp.com/apple-touch-icon.png,logos/starkeyjp.com_40480546.png,
https://chubblifefund.com.vn,,,error_fetch
https://toyotapasongtamo.com,,,error_fetch
https://dhirajsonsonline.com,,,error_fetch
https://nestle.lt,,,error_fetch
https://isover.be,,,error_fetch
https://wurth.sk,http://wurth.sk/apple-touch-icon.png,logos/wurth.sk_92b86b95.png,
https://avonworldwide.com,,,error_fetch
https://nutricia.co.uk,,,error_fetch
https://toyota-lyonsud.fr,,,error_fetch
https://ford.cl,,,error_fetch
https://nestle.com.bd,,,error_fetch
https://nestle.com.py,,,error_fetch
https://mitsubishielectric.in,,,error_fetch
https://duracell.it,,,error_fetch
https://aamcoypsilantimi.com,,,error_fetch
https://disneychannel.co.za,,,error_fetch
https://aamcoofgreensboro.com,,,error_fetch
https://duracell.co.za,,,error_fetch
https://aamcoreno.com,,,error_fetch
https://cfmoto.com.tr,,,error_fetch
https://duracell.fr,,,error_fetch
https://lindt.dk,,,error_fetch
https://lindt.com.mx,,,error_fetch
https://rexel.ca,,,error_fetch
https://biolchim.com.br,,,error_fetch
https://sonepar.co,,,error_fetch
https://soneparusa.com,,,error_fetch
https://aon.lt,,,error_fetch
https://patheon.kr,,,error_fetch
https://tbwazim.co.zw,,,error_fetch
https://digi-intl.co.jp,,,error_fetch
https://coffeesmith.com.sg,,,error_fetch
https://acurahonolulu.com,,,no_logo_found
https://travelocarbooking.com,,,error_fetch
https://rsm.bh,http://rsm.bh/apple-touch-icon-precomposed.png,logos/rsm.bh_f649c771.png,
https://enterprise.ae,http://enterprise.ae/favicon.ico,logos/enterprise.ae_9e9e1945.png,
https://hsbcsaudi.com,,,error_fetch
https://vedanta-zincinternational.com,,,error_fetch
https://nepaltrust.gov.np,,,error_fetch
https://linak.pl,,,error_fetch
https://hyundaiofchatham.ca,,,error_fetch
https://crocs.com.ec,,,error_fetch
https://intersport.hr,,,error_fetch
https://ebay.com.tw,,,error_fetch
https://unicharm.co.in,,,error_fetch
https://santanderuniversidades.com.mx,,,error_fetch
https://kelloggs.it,,,error_fetch
https://crif.sk,,,error_fetch
https://gotchateausa.com,,,error_fetch
https://kelloggs.fr,,,error_fetch
https://canon-its.co.jp,,,error_fetch
https://allianz.lu,,,error_fetch
https://santander.com.mx,,,error_fetch
https://aonassurances.com,,,error_fetch
https://brother.cn,,,error_fetch
https://kynixsemiconductor.com,,,error_fetch
